system:index,ID,sum,.geo
1_0,1.0,9.933417001274168E8,"{""type"":""MultiPoint"",""coordinates"":[]}"
1_1,2.0,8.253706729187635E8,"{""type"":""MultiPoint"",""coordinates"":[]}"
1_2,3.0,9.34290928185423E8,"{""type"":""MultiPoint"",""coordinates"":[]}"
1_3,4.0,9.709166275641575E8,"{""type"":""MultiPoint"",""coordinates"":[]}"
1_4,5.0,9.367603274836531E8,"{""type"":""MultiPoint"",""coordinates"":[]}"
1_5,6.0,9.957055182834721E8,"{""type"":""MultiPoint"",""coordinates"":[]}"
1_6,7.0,9.937872815338132E8,"{""type"":""MultiPoint"",""coordinates"":[]}"
1_7,8.0,9.089316585980574E8,"{""type"":""MultiPoint"",""coordinates"":[]}"
1_8,9.0,9.942800160266737E8,"{""type"":""MultiPoint"",""coordinates"":[]}"
1_9,10.0,9.944624696396184E8,"{""type"":""MultiPoint"",""coordinates"":[]}"
1_10,11.0,8.654949955998578E8,"{""type"":""MultiPoint"",""coordinates"":[]}"
1_11,12.0,9.753957516385102E8,"{""type"":""MultiPoint"",""coordinates"":[]}"
1_12,13.0,9.900197273706343E8,"{""type"":""MultiPoint"",""coordinates"":[]}"
1_13,14.0,6.794897537400255E8,"{""type"":""MultiPoint"",""coordinates"":[]}"
1_14,15.0,9.693493300619866E8,"{""type"":""MultiPoint"",""coordinates"":[]}"
1_15,16.0,9.538397158763862E8,"{""type"":""MultiPoint"",""coordinates"":[]}"
1_16,17.0,9.525975257224684E8,"{""type"":""MultiPoint"",""coordinates"":[]}"
1_17,18.0,9.912105027510877E8,"{""type"":""MultiPoint"",""coordinates"":[]}"
1_18,19.0,9.917803953291686E8,"{""type"":""MultiPoint"",""coordinates"":[]}"
1_19,20.0,9.957341010633752E8,"{""type"":""MultiPoint"",""coordinates"":[]}"
1_20,21.0,9.954570475715666E8,"{""type"":""MultiPoint"",""coordinates"":[]}"
1_21,22.0,8.975122331526115E8,"{""type"":""MultiPoint"",""coordinates"":[]}"
1_22,23.0,9.96631428106102E8,"{""type"":""MultiPoint"",""coordinates"":[]}"
1_23,24.0,4.631428803837372E8,"{""type"":""MultiPoint"",""coordinates"":[]}"
1_24,25.0,9.941591658651643E8,"{""type"":""MultiPoint"",""coordinates"":[]}"
1_25,26.0,9.703288068274747E8,"{""type"":""MultiPoint"",""coordinates"":[]}"
1_26,27.0,7.885883001819509E8,"{""type"":""MultiPoint"",""coordinates"":[]}"
1_27,28.0,3.489829952105238E8,"{""type"":""MultiPoint"",""coordinates"":[]}"
1_28,29.0,9.053804870440332E8,"{""type"":""MultiPoint"",""coordinates"":[]}"
1_29,30.0,7.98840251996629E8,"{""type"":""MultiPoint"",""coordinates"":[]}"
1_30,31.0,9.075173877795236E8,"{""type"":""MultiPoint"",""coordinates"":[]}"
1_31,32.0,6.456999325035578E8,"{""type"":""MultiPoint"",""coordinates"":[]}"
1_32,33.0,6.249473070234237E8,"{""type"":""MultiPoint"",""coordinates"":[]}"
1_33,34.0,8.118081244674386E8,"{""type"":""MultiPoint"",""coordinates"":[]}"
1_34,35.0,9.960045487063398E8,"{""type"":""MultiPoint"",""coordinates"":[]}"
1_35,36.0,9.671563098994482E8,"{""type"":""MultiPoint"",""coordinates"":[]}"
1_36,37.0,9.938732372645391E8,"{""type"":""MultiPoint"",""coordinates"":[]}"
1_37,38.0,9.969069371113747E8,"{""type"":""MultiPoint"",""coordinates"":[]}"
1_38,39.0,8.101378789989598E8,"{""type"":""MultiPoint"",""coordinates"":[]}"
1_39,40.0,9.83226146301898E8,"{""type"":""MultiPoint"",""coordinates"":[]}"
1_40,41.0,8.084360250965036E8,"{""type"":""MultiPoint"",""coordinates"":[]}"
1_41,42.0,9.859065664481683E8,"{""type"":""MultiPoint"",""coordinates"":[]}"
1_42,43.0,9.02754573750273E8,"{""type"":""MultiPoint"",""coordinates"":[]}"
1_43,44.0,9.480855237608202E8,"{""type"":""MultiPoint"",""coordinates"":[]}"
1_44,45.0,7.967202216893795E8,"{""type"":""MultiPoint"",""coordinates"":[]}"
1_45,46.0,9.959369334640937E8,"{""type"":""MultiPoint"",""coordinates"":[]}"
1_46,47.0,9.621105274569844E8,"{""type"":""MultiPoint"",""coordinates"":[]}"
1_47,48.0,9.861901232940754E8,"{""type"":""MultiPoint"",""coordinates"":[]}"
1_48,49.0,9.959369117571704E8,"{""type"":""MultiPoint"",""coordinates"":[]}"
1_49,50.0,4.0654661720407677E8,"{""type"":""MultiPoint"",""coordinates"":[]}"
1_50,51.0,9.612891439384937E8,"{""type"":""MultiPoint"",""coordinates"":[]}"
1_51,52.0,9.938009025695258E8,"{""type"":""MultiPoint"",""coordinates"":[]}"
1_52,53.0,9.849997059828742E8,"{""type"":""MultiPoint"",""coordinates"":[]}"
1_53,54.0,9.723556553037587E8,"{""type"":""MultiPoint"",""coordinates"":[]}"
1_54,55.0,9.956321199102675E8,"{""type"":""MultiPoint"",""coordinates"":[]}"
1_55,56.0,7.943986746191757E8,"{""type"":""MultiPoint"",""coordinates"":[]}"
1_56,57.0,9.856922762521656E8,"{""type"":""MultiPoint"",""coordinates"":[]}"
1_57,58.0,8.156458383431379E8,"{""type"":""MultiPoint"",""coordinates"":[]}"
1_58,59.0,9.70487279108767E8,"{""type"":""MultiPoint"",""coordinates"":[]}"
1_59,60.0,4.5720658777056825E8,"{""type"":""MultiPoint"",""coordinates"":[]}"
1_60,61.0,6.94483115159288E8,"{""type"":""MultiPoint"",""coordinates"":[]}"
1_61,62.0,9.958208075034847E8,"{""type"":""MultiPoint"",""coordinates"":[]}"
1_62,63.0,9.442610365965853E8,"{""type"":""MultiPoint"",""coordinates"":[]}"
1_63,64.0,8.753609469645971E8,"{""type"":""MultiPoint"",""coordinates"":[]}"
1_64,65.0,9.91754605545401E8,"{""type"":""MultiPoint"",""coordinates"":[]}"
1_65,66.0,6.735610650329955E8,"{""type"":""MultiPoint"",""coordinates"":[]}"
1_66,67.0,9.576451028788195E8,"{""type"":""MultiPoint"",""coordinates"":[]}"
1_67,68.0,9.969538663853338E8,"{""type"":""MultiPoint"",""coordinates"":[]}"
1_68,69.0,9.889905761954618E8,"{""type"":""MultiPoint"",""coordinates"":[]}"
1_69,70.0,9.94805287433275E8,"{""type"":""MultiPoint"",""coordinates"":[]}"
1_70,71.0,9.867104322675688E8,"{""type"":""MultiPoint"",""coordinates"":[]}"
1_71,72.0,9.794926116571207E8,"{""type"":""MultiPoint"",""coordinates"":[]}"
1_72,73.0,9.707447541255777E8,"{""type"":""MultiPoint"",""coordinates"":[]}"
1_73,74.0,9.913978723925675E8,"{""type"":""MultiPoint"",""coordinates"":[]}"
1_74,75.0,9.951664138204707E8,"{""type"":""MultiPoint"",""coordinates"":[]}"
1_75,76.0,9.799539174164398E8,"{""type"":""MultiPoint"",""coordinates"":[]}"
1_76,77.0,9.913450278270785E8,"{""type"":""MultiPoint"",""coordinates"":[]}"
1_77,78.0,9.9421672386941E8,"{""type"":""MultiPoint"",""coordinates"":[]}"
1_78,79.0,8.214216192656808E8,"{""type"":""MultiPoint"",""coordinates"":[]}"
1_79,80.0,9.682805832424419E8,"{""type"":""MultiPoint"",""coordinates"":[]}"
1_80,81.0,8.12681217449646E8,"{""type"":""MultiPoint"",""coordinates"":[]}"
1_81,82.0,9.956731025533847E8,"{""type"":""MultiPoint"",""coordinates"":[]}"
1_82,83.0,8.507484331932834E8,"{""type"":""MultiPoint"",""coordinates"":[]}"
1_83,84.0,9.894528567720133E8,"{""type"":""MultiPoint"",""coordinates"":[]}"
1_84,85.0,6.913118992943754E8,"{""type"":""MultiPoint"",""coordinates"":[]}"
1_85,86.0,9.753597827889583E8,"{""type"":""MultiPoint"",""coordinates"":[]}"
1_86,87.0,9.23801579950125E8,"{""type"":""MultiPoint"",""coordinates"":[]}"
1_87,88.0,9.48762345970191E8,"{""type"":""MultiPoint"",""coordinates"":[]}"
1_88,89.0,9.805764480643618E8,"{""type"":""MultiPoint"",""coordinates"":[]}"
1_89,90.0,9.947440464547458E8,"{""type"":""MultiPoint"",""coordinates"":[]}"
1_90,91.0,8.656351664072273E8,"{""type"":""MultiPoint"",""coordinates"":[]}"
1_91,92.0,6.42338117980962E8,"{""type"":""MultiPoint"",""coordinates"":[]}"
1_92,93.0,9.967981589183288E8,"{""type"":""MultiPoint"",""coordinates"":[]}"
1_93,94.0,7.936122040384268E8,"{""type"":""MultiPoint"",""coordinates"":[]}"
1_94,95.0,5.910755524394957E8,"{""type"":""MultiPoint"",""coordinates"":[]}"
1_95,96.0,9.962665278533114E8,"{""type"":""MultiPoint"",""coordinates"":[]}"
1_96,97.0,9.641539789886258E8,"{""type"":""MultiPoint"",""coordinates"":[]}"
1_97,98.0,7.464889250273681E8,"{""type"":""MultiPoint"",""coordinates"":[]}"
1_98,99.0,3.916233683183687E8,"{""type"":""MultiPoint"",""coordinates"":[]}"
1_99,100.0,3.220704052234125E8,"{""type"":""MultiPoint"",""coordinates"":[]}"
1_100,101.0,9.456360049937217E8,"{""type"":""MultiPoint"",""coordinates"":[]}"
1_101,102.0,9.128053755356615E8,"{""type"":""MultiPoint"",""coordinates"":[]}"
1_102,103.0,9.96539581766351E8,"{""type"":""MultiPoint"",""coordinates"":[]}"
1_103,104.0,9.868997539330192E8,"{""type"":""MultiPoint"",""coordinates"":[]}"
1_104,105.0,8.268230082918336E8,"{""type"":""MultiPoint"",""coordinates"":[]}"
1_105,106.0,9.928928811199975E8,"{""type"":""MultiPoint"",""coordinates"":[]}"
1_106,107.0,9.952132448772027E8,"{""type"":""MultiPoint"",""coordinates"":[]}"
1_107,108.0,8.908907911268653E8,"{""type"":""MultiPoint"",""coordinates"":[]}"
1_108,109.0,9.910238673944263E8,"{""type"":""MultiPoint"",""coordinates"":[]}"
1_109,110.0,9.950277944190278E8,"{""type"":""MultiPoint"",""coordinates"":[]}"
1_110,111.0,6.835481727401339E8,"{""type"":""MultiPoint"",""coordinates"":[]}"
1_111,112.0,9.908233654009279E8,"{""type"":""MultiPoint"",""coordinates"":[]}"
1_112,113.0,9.967557004157103E8,"{""type"":""MultiPoint"",""coordinates"":[]}"
1_113,114.0,8.79376046506556E8,"{""type"":""MultiPoint"",""coordinates"":[]}"
1_114,115.0,9.743367501797938E8,"{""type"":""MultiPoint"",""coordinates"":[]}"
1_115,116.0,2.1207154257783937E8,"{""type"":""MultiPoint"",""coordinates"":[]}"
1_116,117.0,9.94586587608479E8,"{""type"":""MultiPoint"",""coordinates"":[]}"
1_117,118.0,9.666966020277009E8,"{""type"":""MultiPoint"",""coordinates"":[]}"
1_118,119.0,9.967559089383043E8,"{""type"":""MultiPoint"",""coordinates"":[]}"
1_119,120.0,9.940594628050026E8,"{""type"":""MultiPoint"",""coordinates"":[]}"
1_120,121.0,9.169487614812312E8,"{""type"":""MultiPoint"",""coordinates"":[]}"
1_121,122.0,8.865242614126855E8,"{""type"":""MultiPoint"",""coordinates"":[]}"
1_122,123.0,9.591740547357706E8,"{""type"":""MultiPoint"",""coordinates"":[]}"
1_123,124.0,9.560472159217231E8,"{""type"":""MultiPoint"",""coordinates"":[]}"
1_124,125.0,9.956974852133569E8,"{""type"":""MultiPoint"",""coordinates"":[]}"
1_125,126.0,8.872503958849051E8,"{""type"":""MultiPoint"",""coordinates"":[]}"
1_126,127.0,7.789641208512735E8,"{""type"":""MultiPoint"",""coordinates"":[]}"
1_127,128.0,9.943768214202485E8,"{""type"":""MultiPoint"",""coordinates"":[]}"
1_128,129.0,9.67006388950565E8,"{""type"":""MultiPoint"",""coordinates"":[]}"
1_129,130.0,9.896799676977477E8,"{""type"":""MultiPoint"",""coordinates"":[]}"
1_130,131.0,9.504710343815329E8,"{""type"":""MultiPoint"",""coordinates"":[]}"
1_131,132.0,9.964656679944388E8,"{""type"":""MultiPoint"",""coordinates"":[]}"
1_132,133.0,9.908022043591895E8,"{""type"":""MultiPoint"",""coordinates"":[]}"
1_133,134.0,9.926979959125999E8,"{""type"":""MultiPoint"",""coordinates"":[]}"
1_134,135.0,9.252905031182303E8,"{""type"":""MultiPoint"",""coordinates"":[]}"
1_135,136.0,9.216979847219405E8,"{""type"":""MultiPoint"",""coordinates"":[]}"
1_136,137.0,9.96792007801178E8,"{""type"":""MultiPoint"",""coordinates"":[]}"
1_137,138.0,9.413743504820168E8,"{""type"":""MultiPoint"",""coordinates"":[]}"
1_138,139.0,9.537269024530795E8,"{""type"":""MultiPoint"",""coordinates"":[]}"
1_139,140.0,2.4342935438328677E8,"{""type"":""MultiPoint"",""coordinates"":[]}"
1_140,141.0,8.162022789305224E8,"{""type"":""MultiPoint"",""coordinates"":[]}"
1_141,142.0,9.93501690437041E8,"{""type"":""MultiPoint"",""coordinates"":[]}"
1_142,143.0,6.552685489813497E8,"{""type"":""MultiPoint"",""coordinates"":[]}"
1_143,144.0,9.885051295827456E8,"{""type"":""MultiPoint"",""coordinates"":[]}"
1_144,145.0,9.962423518388983E8,"{""type"":""MultiPoint"",""coordinates"":[]}"
1_145,146.0,9.958085156335435E8,"{""type"":""MultiPoint"",""coordinates"":[]}"
1_146,147.0,8.95486502213585E8,"{""type"":""MultiPoint"",""coordinates"":[]}"
1_147,148.0,7.925034166883459E8,"{""type"":""MultiPoint"",""coordinates"":[]}"
1_148,149.0,9.827881687926567E8,"{""type"":""MultiPoint"",""coordinates"":[]}"
1_149,150.0,9.841519937059398E8,"{""type"":""MultiPoint"",""coordinates"":[]}"
1_150,151.0,8.980382376657428E8,"{""type"":""MultiPoint"",""coordinates"":[]}"
1_151,152.0,9.645578643200331E8,"{""type"":""MultiPoint"",""coordinates"":[]}"
1_152,153.0,9.96486886746109E8,"{""type"":""MultiPoint"",""coordinates"":[]}"
1_153,154.0,8.57359705860184E8,"{""type"":""MultiPoint"",""coordinates"":[]}"
1_154,155.0,9.963727619020954E8,"{""type"":""MultiPoint"",""coordinates"":[]}"
1_155,156.0,9.286565874245733E8,"{""type"":""MultiPoint"",""coordinates"":[]}"
1_156,157.0,9.837012672837461E8,"{""type"":""MultiPoint"",""coordinates"":[]}"
1_157,158.0,9.959105570407665E8,"{""type"":""MultiPoint"",""coordinates"":[]}"
1_158,159.0,9.86881525556839E8,"{""type"":""MultiPoint"",""coordinates"":[]}"
1_159,160.0,9.861498393100536E8,"{""type"":""MultiPoint"",""coordinates"":[]}"
1_160,161.0,9.186674849193286E8,"{""type"":""MultiPoint"",""coordinates"":[]}"
1_161,162.0,9.464999789547167E8,"{""type"":""MultiPoint"",""coordinates"":[]}"
1_162,163.0,9.831668938209159E8,"{""type"":""MultiPoint"",""coordinates"":[]}"
1_163,164.0,8.198468696465882E8,"{""type"":""MultiPoint"",""coordinates"":[]}"
1_164,165.0,9.918711286850296E8,"{""type"":""MultiPoint"",""coordinates"":[]}"
1_165,166.0,9.969226187660344E8,"{""type"":""MultiPoint"",""coordinates"":[]}"
1_166,167.0,9.156057258220407E8,"{""type"":""MultiPoint"",""coordinates"":[]}"
1_167,168.0,9.877299071224471E8,"{""type"":""MultiPoint"",""coordinates"":[]}"
1_168,169.0,8.486454089486378E8,"{""type"":""MultiPoint"",""coordinates"":[]}"
1_169,170.0,6.721684986313589E8,"{""type"":""MultiPoint"",""coordinates"":[]}"
1_170,171.0,9.607410515078602E8,"{""type"":""MultiPoint"",""coordinates"":[]}"
1_171,172.0,9.311068691179025E8,"{""type"":""MultiPoint"",""coordinates"":[]}"
1_172,173.0,9.883028014888232E8,"{""type"":""MultiPoint"",""coordinates"":[]}"
1_173,174.0,9.921669424920703E8,"{""type"":""MultiPoint"",""coordinates"":[]}"
1_174,175.0,9.968794347526598E8,"{""type"":""MultiPoint"",""coordinates"":[]}"
1_175,176.0,9.96265295166426E8,"{""type"":""MultiPoint"",""coordinates"":[]}"
1_176,177.0,8.154564984646168E8,"{""type"":""MultiPoint"",""coordinates"":[]}"
1_177,178.0,5.918056612358055E8,"{""type"":""MultiPoint"",""coordinates"":[]}"
1_178,179.0,1.881502348367529E8,"{""type"":""MultiPoint"",""coordinates"":[]}"
1_179,180.0,7.833703261155332E8,"{""type"":""MultiPoint"",""coordinates"":[]}"
1_180,181.0,9.31074779909028E8,"{""type"":""MultiPoint"",""coordinates"":[]}"
1_181,182.0,9.627341073673486E8,"{""type"":""MultiPoint"",""coordinates"":[]}"
1_182,183.0,9.928495003970027E8,"{""type"":""MultiPoint"",""coordinates"":[]}"
1_183,184.0,9.367373160461199E8,"{""type"":""MultiPoint"",""coordinates"":[]}"
1_184,185.0,9.969378253819561E8,"{""type"":""MultiPoint"",""coordinates"":[]}"
1_185,186.0,9.841681066163723E8,"{""type"":""MultiPoint"",""coordinates"":[]}"
1_186,187.0,9.403459022467498E8,"{""type"":""MultiPoint"",""coordinates"":[]}"
1_187,188.0,9.889718488715652E8,"{""type"":""MultiPoint"",""coordinates"":[]}"
1_188,189.0,9.951493513488848E8,"{""type"":""MultiPoint"",""coordinates"":[]}"
1_189,190.0,9.95022186225446E8,"{""type"":""MultiPoint"",""coordinates"":[]}"
1_190,191.0,7.906624689603103E8,"{""type"":""MultiPoint"",""coordinates"":[]}"
1_191,192.0,9.574384874982411E8,"{""type"":""MultiPoint"",""coordinates"":[]}"
1_192,193.0,8.204156309043391E8,"{""type"":""MultiPoint"",""coordinates"":[]}"
1_193,194.0,9.908677277460179E8,"{""type"":""MultiPoint"",""coordinates"":[]}"
1_194,195.0,9.950364598211123E8,"{""type"":""MultiPoint"",""coordinates"":[]}"
1_195,196.0,7.624122197470468E8,"{""type"":""MultiPoint"",""coordinates"":[]}"
1_196,197.0,8.208919144706421E8,"{""type"":""MultiPoint"",""coordinates"":[]}"
1_197,198.0,8.812050728668716E8,"{""type"":""MultiPoint"",""coordinates"":[]}"
1_198,199.0,9.86897215835101E8,"{""type"":""MultiPoint"",""coordinates"":[]}"
1_199,200.0,9.922944068171731E8,"{""type"":""MultiPoint"",""coordinates"":[]}"
1_200,201.0,9.956499121517149E8,"{""type"":""MultiPoint"",""coordinates"":[]}"
1_201,202.0,9.17068251748714E8,"{""type"":""MultiPoint"",""coordinates"":[]}"
1_202,203.0,8.926387964272082E8,"{""type"":""MultiPoint"",""coordinates"":[]}"
1_203,204.0,8.245332316150494E8,"{""type"":""MultiPoint"",""coordinates"":[]}"
1_204,205.0,8.774372084132273E8,"{""type"":""MultiPoint"",""coordinates"":[]}"
1_205,206.0,9.936857209305866E8,"{""type"":""MultiPoint"",""coordinates"":[]}"
1_206,207.0,9.783943968598897E8,"{""type"":""MultiPoint"",""coordinates"":[]}"
1_207,208.0,9.969019145440041E8,"{""type"":""MultiPoint"",""coordinates"":[]}"
1_208,209.0,9.967279838819644E8,"{""type"":""MultiPoint"",""coordinates"":[]}"
1_209,210.0,9.451352625175016E8,"{""type"":""MultiPoint"",""coordinates"":[]}"
1_210,211.0,9.361585924363542E8,"{""type"":""MultiPoint"",""coordinates"":[]}"
1_211,212.0,9.59892830757515E8,"{""type"":""MultiPoint"",""coordinates"":[]}"
1_212,213.0,8.323507683828669E8,"{""type"":""MultiPoint"",""coordinates"":[]}"
1_213,214.0,7.532900020708084E8,"{""type"":""MultiPoint"",""coordinates"":[]}"
1_214,215.0,9.835341335571274E8,"{""type"":""MultiPoint"",""coordinates"":[]}"
1_215,216.0,9.944604169404129E8,"{""type"":""MultiPoint"",""coordinates"":[]}"
1_216,217.0,9.607997906960474E8,"{""type"":""MultiPoint"",""coordinates"":[]}"
1_217,218.0,9.670638640772011E8,"{""type"":""MultiPoint"",""coordinates"":[]}"
1_218,219.0,3.3999322709366846E8,"{""type"":""MultiPoint"",""coordinates"":[]}"
1_219,220.0,9.632383380543686E8,"{""type"":""MultiPoint"",""coordinates"":[]}"
1_220,221.0,8.25541172988622E8,"{""type"":""MultiPoint"",""coordinates"":[]}"
1_221,222.0,9.960424144865243E8,"{""type"":""MultiPoint"",""coordinates"":[]}"
1_222,223.0,9.704116202289191E8,"{""type"":""MultiPoint"",""coordinates"":[]}"
1_223,224.0,7.668954959824121E8,"{""type"":""MultiPoint"",""coordinates"":[]}"
1_224,225.0,9.882733896777067E8,"{""type"":""MultiPoint"",""coordinates"":[]}"
1_225,226.0,8.925265382873775E8,"{""type"":""MultiPoint"",""coordinates"":[]}"
1_226,227.0,9.835948015197967E8,"{""type"":""MultiPoint"",""coordinates"":[]}"
1_227,228.0,7.013459972483009E8,"{""type"":""MultiPoint"",""coordinates"":[]}"
1_228,229.0,9.92315768641209E8,"{""type"":""MultiPoint"",""coordinates"":[]}"
1_229,230.0,9.76519837483227E8,"{""type"":""MultiPoint"",""coordinates"":[]}"
1_230,231.0,7.753282388401092E8,"{""type"":""MultiPoint"",""coordinates"":[]}"
1_231,232.0,9.948526409939178E8,"{""type"":""MultiPoint"",""coordinates"":[]}"
1_232,233.0,9.941382551025449E8,"{""type"":""MultiPoint"",""coordinates"":[]}"
1_233,234.0,9.922301629050982E8,"{""type"":""MultiPoint"",""coordinates"":[]}"
1_234,235.0,9.882983436314856E8,"{""type"":""MultiPoint"",""coordinates"":[]}"
1_235,236.0,2.1575241951567358E8,"{""type"":""MultiPoint"",""coordinates"":[]}"
1_236,237.0,7.734242899279742E8,"{""type"":""MultiPoint"",""coordinates"":[]}"
1_237,238.0,9.70625167133983E8,"{""type"":""MultiPoint"",""coordinates"":[]}"
1_238,239.0,7.791946303222183E8,"{""type"":""MultiPoint"",""coordinates"":[]}"
1_239,240.0,9.968821645413864E8,"{""type"":""MultiPoint"",""coordinates"":[]}"
1_240,241.0,8.009883174212902E8,"{""type"":""MultiPoint"",""coordinates"":[]}"
1_241,242.0,8.975988663108557E8,"{""type"":""MultiPoint"",""coordinates"":[]}"
1_242,243.0,8.058924230975649E8,"{""type"":""MultiPoint"",""coordinates"":[]}"
1_243,244.0,9.945256647953627E8,"{""type"":""MultiPoint"",""coordinates"":[]}"
1_244,245.0,6.403368936854031E8,"{""type"":""MultiPoint"",""coordinates"":[]}"
1_245,246.0,8.284321751619076E8,"{""type"":""MultiPoint"",""coordinates"":[]}"
1_246,247.0,7.362608201613153E8,"{""type"":""MultiPoint"",""coordinates"":[]}"
1_247,248.0,9.640779975497586E8,"{""type"":""MultiPoint"",""coordinates"":[]}"
1_248,249.0,8.567227474459698E8,"{""type"":""MultiPoint"",""coordinates"":[]}"
1_249,250.0,9.776563144325709E8,"{""type"":""MultiPoint"",""coordinates"":[]}"
1_250,251.0,8.951103592442799E8,"{""type"":""MultiPoint"",""coordinates"":[]}"
1_251,252.0,9.274849769010396E8,"{""type"":""MultiPoint"",""coordinates"":[]}"
1_252,253.0,9.961553046651944E8,"{""type"":""MultiPoint"",""coordinates"":[]}"
1_253,254.0,9.7254374577532E8,"{""type"":""MultiPoint"",""coordinates"":[]}"
1_254,255.0,5.744603955392582E8,"{""type"":""MultiPoint"",""coordinates"":[]}"
1_255,256.0,8.140356692955945E8,"{""type"":""MultiPoint"",""coordinates"":[]}"
1_256,257.0,9.836416351646585E8,"{""type"":""MultiPoint"",""coordinates"":[]}"
1_257,258.0,9.634758559225354E8,"{""type"":""MultiPoint"",""coordinates"":[]}"
1_258,259.0,9.890677570470672E8,"{""type"":""MultiPoint"",""coordinates"":[]}"
1_259,260.0,9.817086921420729E8,"{""type"":""MultiPoint"",""coordinates"":[]}"
1_260,261.0,9.664856478511432E8,"{""type"":""MultiPoint"",""coordinates"":[]}"
1_261,262.0,9.363351226913018E8,"{""type"":""MultiPoint"",""coordinates"":[]}"
1_262,263.0,9.84060956321522E8,"{""type"":""MultiPoint"",""coordinates"":[]}"
1_263,264.0,8.662030991465728E8,"{""type"":""MultiPoint"",""coordinates"":[]}"
1_264,265.0,9.957746095621291E8,"{""type"":""MultiPoint"",""coordinates"":[]}"
1_265,266.0,2.7467832336896217E8,"{""type"":""MultiPoint"",""coordinates"":[]}"
1_266,267.0,9.943577762498982E8,"{""type"":""MultiPoint"",""coordinates"":[]}"
1_267,268.0,3.873336428377086E8,"{""type"":""MultiPoint"",""coordinates"":[]}"
1_268,269.0,9.868535097034253E8,"{""type"":""MultiPoint"",""coordinates"":[]}"
1_269,270.0,9.920685570939691E8,"{""type"":""MultiPoint"",""coordinates"":[]}"
1_270,271.0,9.967403737208252E8,"{""type"":""MultiPoint"",""coordinates"":[]}"
1_271,272.0,9.93910241112332E8,"{""type"":""MultiPoint"",""coordinates"":[]}"
1_272,273.0,9.467362200416831E8,"{""type"":""MultiPoint"",""coordinates"":[]}"
1_273,274.0,9.958418694430428E8,"{""type"":""MultiPoint"",""coordinates"":[]}"
1_274,275.0,9.424172135122657E8,"{""type"":""MultiPoint"",""coordinates"":[]}"
1_275,276.0,8.681110481802264E8,"{""type"":""MultiPoint"",""coordinates"":[]}"
1_276,277.0,9.956633359479412E8,"{""type"":""MultiPoint"",""coordinates"":[]}"
1_277,278.0,9.908625044143134E8,"{""type"":""MultiPoint"",""coordinates"":[]}"
1_278,279.0,9.535718306657727E8,"{""type"":""MultiPoint"",""coordinates"":[]}"
1_279,280.0,6.660605566545283E8,"{""type"":""MultiPoint"",""coordinates"":[]}"
1_280,281.0,9.437747250756899E8,"{""type"":""MultiPoint"",""coordinates"":[]}"
1_281,282.0,8.875460855972935E8,"{""type"":""MultiPoint"",""coordinates"":[]}"
1_282,283.0,9.769493422417015E8,"{""type"":""MultiPoint"",""coordinates"":[]}"
1_283,284.0,3.500756084142627E8,"{""type"":""MultiPoint"",""coordinates"":[]}"
1_284,285.0,6.684035231102827E8,"{""type"":""MultiPoint"",""coordinates"":[]}"
1_285,286.0,4.386770234657387E8,"{""type"":""MultiPoint"",""coordinates"":[]}"
1_286,287.0,9.961901372063402E8,"{""type"":""MultiPoint"",""coordinates"":[]}"
1_287,288.0,9.502726624020379E8,"{""type"":""MultiPoint"",""coordinates"":[]}"
1_288,289.0,9.417549079938334E8,"{""type"":""MultiPoint"",""coordinates"":[]}"
1_289,290.0,9.752559622792244E8,"{""type"":""MultiPoint"",""coordinates"":[]}"
1_290,291.0,9.646099683223155E8,"{""type"":""MultiPoint"",""coordinates"":[]}"
1_291,292.0,9.918645647894429E8,"{""type"":""MultiPoint"",""coordinates"":[]}"
1_292,293.0,6.318831358972807E8,"{""type"":""MultiPoint"",""coordinates"":[]}"
1_293,294.0,9.94919876198789E8,"{""type"":""MultiPoint"",""coordinates"":[]}"
1_294,295.0,9.829293979212346E8,"{""type"":""MultiPoint"",""coordinates"":[]}"
1_295,296.0,9.829738089533174E8,"{""type"":""MultiPoint"",""coordinates"":[]}"
1_296,297.0,9.967088525781091E8,"{""type"":""MultiPoint"",""coordinates"":[]}"
1_297,298.0,9.534130531658852E8,"{""type"":""MultiPoint"",""coordinates"":[]}"
1_298,299.0,2.915241942042595E8,"{""type"":""MultiPoint"",""coordinates"":[]}"
1_299,300.0,9.259959836041679E8,"{""type"":""MultiPoint"",""coordinates"":[]}"
1_300,301.0,8.287672697352972E8,"{""type"":""MultiPoint"",""coordinates"":[]}"
1_301,302.0,9.888720676597638E8,"{""type"":""MultiPoint"",""coordinates"":[]}"
1_302,303.0,9.029483874529042E8,"{""type"":""MultiPoint"",""coordinates"":[]}"
1_303,304.0,9.891650984162209E8,"{""type"":""MultiPoint"",""coordinates"":[]}"
1_304,305.0,5.849096565791943E8,"{""type"":""MultiPoint"",""coordinates"":[]}"
1_305,306.0,9.960529555045292E8,"{""type"":""MultiPoint"",""coordinates"":[]}"
1_306,307.0,9.927317873641645E8,"{""type"":""MultiPoint"",""coordinates"":[]}"
1_307,308.0,9.857944593953733E8,"{""type"":""MultiPoint"",""coordinates"":[]}"
1_308,309.0,9.951739966598032E8,"{""type"":""MultiPoint"",""coordinates"":[]}"
1_309,310.0,3.876716602714755E8,"{""type"":""MultiPoint"",""coordinates"":[]}"
1_310,311.0,9.286029984918541E8,"{""type"":""MultiPoint"",""coordinates"":[]}"
1_311,312.0,9.952759611604182E8,"{""type"":""MultiPoint"",""coordinates"":[]}"
1_312,313.0,9.948535685298221E8,"{""type"":""MultiPoint"",""coordinates"":[]}"
1_313,314.0,6.370998519856555E8,"{""type"":""MultiPoint"",""coordinates"":[]}"
1_314,315.0,8.581300981964619E8,"{""type"":""MultiPoint"",""coordinates"":[]}"
1_315,316.0,6.945652235234495E8,"{""type"":""MultiPoint"",""coordinates"":[]}"
1_316,317.0,9.96019465698883E8,"{""type"":""MultiPoint"",""coordinates"":[]}"
1_317,318.0,9.917399003024985E8,"{""type"":""MultiPoint"",""coordinates"":[]}"
1_318,319.0,9.339922170826147E8,"{""type"":""MultiPoint"",""coordinates"":[]}"
1_319,320.0,9.694814586875281E8,"{""type"":""MultiPoint"",""coordinates"":[]}"
1_320,321.0,9.687433338952E8,"{""type"":""MultiPoint"",""coordinates"":[]}"
1_321,322.0,8.978072955503578E8,"{""type"":""MultiPoint"",""coordinates"":[]}"
1_322,323.0,9.872376871323724E8,"{""type"":""MultiPoint"",""coordinates"":[]}"
1_323,324.0,9.163374193332245E8,"{""type"":""MultiPoint"",""coordinates"":[]}"
1_324,325.0,9.966739097537949E8,"{""type"":""MultiPoint"",""coordinates"":[]}"
1_325,326.0,8.623595404956099E8,"{""type"":""MultiPoint"",""coordinates"":[]}"
1_326,327.0,9.320588682141407E8,"{""type"":""MultiPoint"",""coordinates"":[]}"
1_327,328.0,9.812517748945789E8,"{""type"":""MultiPoint"",""coordinates"":[]}"
1_328,329.0,9.195769965381157E8,"{""type"":""MultiPoint"",""coordinates"":[]}"
1_329,330.0,9.478058583062154E8,"{""type"":""MultiPoint"",""coordinates"":[]}"
1_330,331.0,9.754315703447497E8,"{""type"":""MultiPoint"",""coordinates"":[]}"
1_331,332.0,6.922200072920773E8,"{""type"":""MultiPoint"",""coordinates"":[]}"
1_332,333.0,9.964506917784534E8,"{""type"":""MultiPoint"",""coordinates"":[]}"
1_333,334.0,8.975245368522649E8,"{""type"":""MultiPoint"",""coordinates"":[]}"
1_334,335.0,9.887029932296588E8,"{""type"":""MultiPoint"",""coordinates"":[]}"
1_335,336.0,9.96949445029431E8,"{""type"":""MultiPoint"",""coordinates"":[]}"
1_336,337.0,9.931006609353769E8,"{""type"":""MultiPoint"",""coordinates"":[]}"
1_337,338.0,9.784447177167207E8,"{""type"":""MultiPoint"",""coordinates"":[]}"
1_338,339.0,9.965191261371882E8,"{""type"":""MultiPoint"",""coordinates"":[]}"
1_339,340.0,7.306710614149013E8,"{""type"":""MultiPoint"",""coordinates"":[]}"
1_340,341.0,9.84719663818349E8,"{""type"":""MultiPoint"",""coordinates"":[]}"
1_341,342.0,9.938809096222346E8,"{""type"":""MultiPoint"",""coordinates"":[]}"
1_342,343.0,9.962908975720701E8,"{""type"":""MultiPoint"",""coordinates"":[]}"
1_343,344.0,9.87524067626608E8,"{""type"":""MultiPoint"",""coordinates"":[]}"
1_344,345.0,9.923588320095884E8,"{""type"":""MultiPoint"",""coordinates"":[]}"
1_345,346.0,9.89361304589721E8,"{""type"":""MultiPoint"",""coordinates"":[]}"
1_346,347.0,9.401106399315344E8,"{""type"":""MultiPoint"",""coordinates"":[]}"
1_347,348.0,9.623949902526948E8,"{""type"":""MultiPoint"",""coordinates"":[]}"
1_348,349.0,9.642929523543978E8,"{""type"":""MultiPoint"",""coordinates"":[]}"
1_349,350.0,9.796559537621714E8,"{""type"":""MultiPoint"",""coordinates"":[]}"
1_350,351.0,9.93726716668171E8,"{""type"":""MultiPoint"",""coordinates"":[]}"
1_351,352.0,8.189394992715602E8,"{""type"":""MultiPoint"",""coordinates"":[]}"
1_352,353.0,8.141728418755002E8,"{""type"":""MultiPoint"",""coordinates"":[]}"
1_353,354.0,9.902188812550536E8,"{""type"":""MultiPoint"",""coordinates"":[]}"
1_354,355.0,9.95821536277158E8,"{""type"":""MultiPoint"",""coordinates"":[]}"
1_355,356.0,9.963615123656359E8,"{""type"":""MultiPoint"",""coordinates"":[]}"
1_356,357.0,9.66049356935314E8,"{""type"":""MultiPoint"",""coordinates"":[]}"
1_357,358.0,9.943716188620429E8,"{""type"":""MultiPoint"",""coordinates"":[]}"
1_358,359.0,9.887215536829609E8,"{""type"":""MultiPoint"",""coordinates"":[]}"
1_359,360.0,9.609718183788788E8,"{""type"":""MultiPoint"",""coordinates"":[]}"
1_360,361.0,9.427088645448966E8,"{""type"":""MultiPoint"",""coordinates"":[]}"
1_361,362.0,9.523251836718192E8,"{""type"":""MultiPoint"",""coordinates"":[]}"
1_362,363.0,9.933526197865207E8,"{""type"":""MultiPoint"",""coordinates"":[]}"
1_363,364.0,7.377370243295355E8,"{""type"":""MultiPoint"",""coordinates"":[]}"
1_364,365.0,8.996019700709097E8,"{""type"":""MultiPoint"",""coordinates"":[]}"
1_365,366.0,9.943775418928525E8,"{""type"":""MultiPoint"",""coordinates"":[]}"
1_366,367.0,7.59868918826714E8,"{""type"":""MultiPoint"",""coordinates"":[]}"
1_367,368.0,9.954712806058584E8,"{""type"":""MultiPoint"",""coordinates"":[]}"
1_368,369.0,6.756448955413122E8,"{""type"":""MultiPoint"",""coordinates"":[]}"
1_369,370.0,3.4966358806544894E8,"{""type"":""MultiPoint"",""coordinates"":[]}"
1_370,371.0,9.949703832168337E8,"{""type"":""MultiPoint"",""coordinates"":[]}"
1_371,372.0,9.897411337139285E8,"{""type"":""MultiPoint"",""coordinates"":[]}"
1_372,373.0,9.940776356797618E8,"{""type"":""MultiPoint"",""coordinates"":[]}"
1_373,374.0,9.866937953166189E8,"{""type"":""MultiPoint"",""coordinates"":[]}"
1_374,375.0,8.937530472809224E8,"{""type"":""MultiPoint"",""coordinates"":[]}"
1_375,376.0,9.453545403527465E8,"{""type"":""MultiPoint"",""coordinates"":[]}"
1_376,377.0,9.857971368417435E8,"{""type"":""MultiPoint"",""coordinates"":[]}"
1_377,378.0,9.93339292407357E8,"{""type"":""MultiPoint"",""coordinates"":[]}"
1_378,379.0,9.794574175874193E8,"{""type"":""MultiPoint"",""coordinates"":[]}"
1_379,380.0,9.937991929479303E8,"{""type"":""MultiPoint"",""coordinates"":[]}"
1_380,381.0,9.831499582222462E8,"{""type"":""MultiPoint"",""coordinates"":[]}"
1_381,382.0,9.860678082916884E8,"{""type"":""MultiPoint"",""coordinates"":[]}"
1_382,383.0,9.316413774749852E8,"{""type"":""MultiPoint"",""coordinates"":[]}"
1_383,384.0,2.4964259053847405E8,"{""type"":""MultiPoint"",""coordinates"":[]}"
1_384,385.0,8.37159540770149E8,"{""type"":""MultiPoint"",""coordinates"":[]}"
1_385,386.0,9.915895903092039E8,"{""type"":""MultiPoint"",""coordinates"":[]}"
1_386,387.0,9.859996851375461E8,"{""type"":""MultiPoint"",""coordinates"":[]}"
1_387,388.0,9.346796755175729E8,"{""type"":""MultiPoint"",""coordinates"":[]}"
1_388,389.0,8.087371254407048E8,"{""type"":""MultiPoint"",""coordinates"":[]}"
1_389,390.0,9.222443039414291E8,"{""type"":""MultiPoint"",""coordinates"":[]}"
1_390,391.0,9.907675429839454E8,"{""type"":""MultiPoint"",""coordinates"":[]}"
1_391,392.0,5.564825468623639E8,"{""type"":""MultiPoint"",""coordinates"":[]}"
1_392,393.0,9.913550130437204E8,"{""type"":""MultiPoint"",""coordinates"":[]}"
1_393,394.0,8.837550349065926E8,"{""type"":""MultiPoint"",""coordinates"":[]}"
1_394,395.0,9.68214085910023E8,"{""type"":""MultiPoint"",""coordinates"":[]}"
1_395,396.0,8.917747819722812E8,"{""type"":""MultiPoint"",""coordinates"":[]}"
1_396,397.0,9.025889755362071E8,"{""type"":""MultiPoint"",""coordinates"":[]}"
1_397,398.0,9.86913171763685E8,"{""type"":""MultiPoint"",""coordinates"":[]}"
1_398,399.0,8.737604706502966E8,"{""type"":""MultiPoint"",""coordinates"":[]}"
1_399,400.0,9.934124908761111E8,"{""type"":""MultiPoint"",""coordinates"":[]}"
1_400,401.0,9.034397428499339E8,"{""type"":""MultiPoint"",""coordinates"":[]}"
1_401,402.0,8.073305986930408E8,"{""type"":""MultiPoint"",""coordinates"":[]}"
1_402,403.0,9.516619284495318E8,"{""type"":""MultiPoint"",""coordinates"":[]}"
1_403,404.0,6.230622311633809E8,"{""type"":""MultiPoint"",""coordinates"":[]}"
1_404,405.0,9.753856325622246E8,"{""type"":""MultiPoint"",""coordinates"":[]}"
1_405,406.0,8.87431661955075E8,"{""type"":""MultiPoint"",""coordinates"":[]}"
1_406,407.0,9.936192908224571E8,"{""type"":""MultiPoint"",""coordinates"":[]}"
1_407,408.0,9.76740429207785E8,"{""type"":""MultiPoint"",""coordinates"":[]}"
1_408,409.0,7.378742788650095E8,"{""type"":""MultiPoint"",""coordinates"":[]}"
1_409,410.0,9.776786114244115E8,"{""type"":""MultiPoint"",""coordinates"":[]}"
1_410,411.0,2.5148081288978344E8,"{""type"":""MultiPoint"",""coordinates"":[]}"
1_411,412.0,9.808873587752855E8,"{""type"":""MultiPoint"",""coordinates"":[]}"
1_412,413.0,7.607514006932726E8,"{""type"":""MultiPoint"",""coordinates"":[]}"
1_413,414.0,9.415770353833368E8,"{""type"":""MultiPoint"",""coordinates"":[]}"
1_414,415.0,7.987935243644773E8,"{""type"":""MultiPoint"",""coordinates"":[]}"
1_415,416.0,9.82818899838429E8,"{""type"":""MultiPoint"",""coordinates"":[]}"
1_416,417.0,9.852702547435253E8,"{""type"":""MultiPoint"",""coordinates"":[]}"
1_417,418.0,9.845560503286276E8,"{""type"":""MultiPoint"",""coordinates"":[]}"
1_418,419.0,9.770357817713649E8,"{""type"":""MultiPoint"",""coordinates"":[]}"
1_419,420.0,9.950326883539894E8,"{""type"":""MultiPoint"",""coordinates"":[]}"
1_420,421.0,9.961963173079107E8,"{""type"":""MultiPoint"",""coordinates"":[]}"
1_421,422.0,9.954869758544683E8,"{""type"":""MultiPoint"",""coordinates"":[]}"
1_422,423.0,9.619781614884236E8,"{""type"":""MultiPoint"",""coordinates"":[]}"
1_423,424.0,3.336373094251241E8,"{""type"":""MultiPoint"",""coordinates"":[]}"
1_424,425.0,7.516266359159168E8,"{""type"":""MultiPoint"",""coordinates"":[]}"
1_425,426.0,4.7758439751900065E8,"{""type"":""MultiPoint"",""coordinates"":[]}"
1_426,427.0,4.361559192571999E8,"{""type"":""MultiPoint"",""coordinates"":[]}"
1_427,428.0,6.674615576447504E8,"{""type"":""MultiPoint"",""coordinates"":[]}"
1_428,429.0,9.81040835837707E8,"{""type"":""MultiPoint"",""coordinates"":[]}"
1_429,430.0,9.893535632621566E8,"{""type"":""MultiPoint"",""coordinates"":[]}"
1_430,431.0,8.752528410906869E8,"{""type"":""MultiPoint"",""coordinates"":[]}"
1_431,432.0,9.412782975810139E8,"{""type"":""MultiPoint"",""coordinates"":[]}"
1_432,433.0,6.564299493354921E8,"{""type"":""MultiPoint"",""coordinates"":[]}"
1_433,434.0,9.968361911128279E8,"{""type"":""MultiPoint"",""coordinates"":[]}"
1_434,435.0,9.905657287571335E8,"{""type"":""MultiPoint"",""coordinates"":[]}"
1_435,436.0,9.8189966347181E8,"{""type"":""MultiPoint"",""coordinates"":[]}"
1_436,437.0,9.119807061267456E8,"{""type"":""MultiPoint"",""coordinates"":[]}"
1_437,438.0,9.857471791367899E8,"{""type"":""MultiPoint"",""coordinates"":[]}"
1_438,439.0,4.1070041998668295E8,"{""type"":""MultiPoint"",""coordinates"":[]}"
1_439,440.0,9.896098800810196E8,"{""type"":""MultiPoint"",""coordinates"":[]}"
1_440,441.0,5.522059234459447E8,"{""type"":""MultiPoint"",""coordinates"":[]}"
1_441,442.0,8.009934659900554E8,"{""type"":""MultiPoint"",""coordinates"":[]}"
1_442,443.0,9.79379073178572E8,"{""type"":""MultiPoint"",""coordinates"":[]}"
1_443,444.0,9.225321317696704E8,"{""type"":""MultiPoint"",""coordinates"":[]}"
1_444,445.0,9.762861741740744E8,"{""type"":""MultiPoint"",""coordinates"":[]}"
1_445,446.0,9.894835594763921E8,"{""type"":""MultiPoint"",""coordinates"":[]}"
1_446,447.0,9.943248084058522E8,"{""type"":""MultiPoint"",""coordinates"":[]}"
1_447,448.0,9.936267282223328E8,"{""type"":""MultiPoint"",""coordinates"":[]}"
1_448,449.0,9.834884701909336E8,"{""type"":""MultiPoint"",""coordinates"":[]}"
1_449,450.0,6.752252440067924E8,"{""type"":""MultiPoint"",""coordinates"":[]}"
1_450,451.0,9.94553751274932E8,"{""type"":""MultiPoint"",""coordinates"":[]}"
1_451,452.0,2.4314635318864936E8,"{""type"":""MultiPoint"",""coordinates"":[]}"
1_452,453.0,8.808461340851712E8,"{""type"":""MultiPoint"",""coordinates"":[]}"
1_453,454.0,9.885856476958694E8,"{""type"":""MultiPoint"",""coordinates"":[]}"
1_454,455.0,9.966586652307419E8,"{""type"":""MultiPoint"",""coordinates"":[]}"
1_455,456.0,9.764226145237048E8,"{""type"":""MultiPoint"",""coordinates"":[]}"
1_456,457.0,9.960655953749611E8,"{""type"":""MultiPoint"",""coordinates"":[]}"
1_457,458.0,9.223904454915892E8,"{""type"":""MultiPoint"",""coordinates"":[]}"
1_458,459.0,9.796158948476231E8,"{""type"":""MultiPoint"",""coordinates"":[]}"
1_459,460.0,9.163498735756602E8,"{""type"":""MultiPoint"",""coordinates"":[]}"
1_460,461.0,9.94456337543937E8,"{""type"":""MultiPoint"",""coordinates"":[]}"
1_461,462.0,8.784333607278919E8,"{""type"":""MultiPoint"",""coordinates"":[]}"
1_462,463.0,9.846593272932477E8,"{""type"":""MultiPoint"",""coordinates"":[]}"
1_463,464.0,9.96135433016079E8,"{""type"":""MultiPoint"",""coordinates"":[]}"
1_464,465.0,9.936620253605785E8,"{""type"":""MultiPoint"",""coordinates"":[]}"
1_465,466.0,2.4806194544304457E8,"{""type"":""MultiPoint"",""coordinates"":[]}"
1_466,467.0,9.167841627134249E8,"{""type"":""MultiPoint"",""coordinates"":[]}"
1_467,468.0,9.894806638501625E8,"{""type"":""MultiPoint"",""coordinates"":[]}"
1_468,469.0,8.544606739062842E8,"{""type"":""MultiPoint"",""coordinates"":[]}"
1_469,470.0,8.776657393624732E8,"{""type"":""MultiPoint"",""coordinates"":[]}"
1_470,471.0,9.958432808763416E8,"{""type"":""MultiPoint"",""coordinates"":[]}"
1_471,472.0,7.012643100103897E8,"{""type"":""MultiPoint"",""coordinates"":[]}"
1_472,473.0,2.7245341254314893E8,"{""type"":""MultiPoint"",""coordinates"":[]}"
1_473,474.0,2.987554975098367E8,"{""type"":""MultiPoint"",""coordinates"":[]}"
1_474,475.0,9.956971475578845E8,"{""type"":""MultiPoint"",""coordinates"":[]}"
1_475,476.0,9.899595278734045E8,"{""type"":""MultiPoint"",""coordinates"":[]}"
1_476,477.0,9.953062067349949E8,"{""type"":""MultiPoint"",""coordinates"":[]}"
1_477,478.0,6.330300305684834E8,"{""type"":""MultiPoint"",""coordinates"":[]}"
1_478,479.0,9.759800164599042E8,"{""type"":""MultiPoint"",""coordinates"":[]}"
1_479,480.0,6.933616809492338E8,"{""type"":""MultiPoint"",""coordinates"":[]}"
1_480,481.0,9.924919456367071E8,"{""type"":""MultiPoint"",""coordinates"":[]}"
1_481,482.0,9.769366027094635E8,"{""type"":""MultiPoint"",""coordinates"":[]}"
1_482,483.0,9.914211538901118E8,"{""type"":""MultiPoint"",""coordinates"":[]}"
1_483,484.0,9.914140699224731E8,"{""type"":""MultiPoint"",""coordinates"":[]}"
1_484,485.0,9.873055984237083E8,"{""type"":""MultiPoint"",""coordinates"":[]}"
1_485,486.0,8.071974060236979E8,"{""type"":""MultiPoint"",""coordinates"":[]}"
1_486,487.0,5.616817715129595E8,"{""type"":""MultiPoint"",""coordinates"":[]}"
1_487,488.0,9.643982189176712E8,"{""type"":""MultiPoint"",""coordinates"":[]}"
1_488,489.0,9.176366245461037E8,"{""type"":""MultiPoint"",""coordinates"":[]}"
1_489,490.0,9.381231411424837E8,"{""type"":""MultiPoint"",""coordinates"":[]}"
1_490,491.0,8.891576789171014E8,"{""type"":""MultiPoint"",""coordinates"":[]}"
1_491,492.0,6.325161438275485E8,"{""type"":""MultiPoint"",""coordinates"":[]}"
1_492,493.0,9.749611394544935E8,"{""type"":""MultiPoint"",""coordinates"":[]}"
1_493,494.0,8.230053432190375E8,"{""type"":""MultiPoint"",""coordinates"":[]}"
1_494,495.0,9.067493701361012E8,"{""type"":""MultiPoint"",""coordinates"":[]}"
1_495,496.0,9.183904360213985E8,"{""type"":""MultiPoint"",""coordinates"":[]}"
1_496,497.0,8.191682818369244E8,"{""type"":""MultiPoint"",""coordinates"":[]}"
1_497,498.0,8.652679399353757E8,"{""type"":""MultiPoint"",""coordinates"":[]}"
1_498,499.0,9.853006239175603E8,"{""type"":""MultiPoint"",""coordinates"":[]}"
1_499,500.0,8.17356357460982E8,"{""type"":""MultiPoint"",""coordinates"":[]}"
1_500,501.0,9.758744936451526E8,"{""type"":""MultiPoint"",""coordinates"":[]}"
1_501,502.0,7.977115135801172E8,"{""type"":""MultiPoint"",""coordinates"":[]}"
1_502,503.0,8.462432653163291E8,"{""type"":""MultiPoint"",""coordinates"":[]}"
1_503,504.0,9.724235221193897E8,"{""type"":""MultiPoint"",""coordinates"":[]}"
1_504,505.0,9.958284833290032E8,"{""type"":""MultiPoint"",""coordinates"":[]}"
1_505,506.0,7.569300674012767E8,"{""type"":""MultiPoint"",""coordinates"":[]}"
1_506,507.0,2.493604324198836E8,"{""type"":""MultiPoint"",""coordinates"":[]}"
1_507,508.0,3.623506094856095E8,"{""type"":""MultiPoint"",""coordinates"":[]}"
1_508,509.0,9.13197898961778E8,"{""type"":""MultiPoint"",""coordinates"":[]}"
1_509,510.0,7.083144872236893E8,"{""type"":""MultiPoint"",""coordinates"":[]}"
1_510,511.0,9.945333562615991E8,"{""type"":""MultiPoint"",""coordinates"":[]}"
1_511,512.0,8.754090199246285E8,"{""type"":""MultiPoint"",""coordinates"":[]}"
1_512,513.0,9.655758765027354E8,"{""type"":""MultiPoint"",""coordinates"":[]}"
1_513,514.0,9.944177204743184E8,"{""type"":""MultiPoint"",""coordinates"":[]}"
1_514,515.0,8.265757256159955E7,"{""type"":""MultiPoint"",""coordinates"":[]}"
1_515,516.0,9.746212724936471E8,"{""type"":""MultiPoint"",""coordinates"":[]}"
1_516,517.0,8.845543188519912E8,"{""type"":""MultiPoint"",""coordinates"":[]}"
1_517,518.0,9.500862504566422E8,"{""type"":""MultiPoint"",""coordinates"":[]}"
1_518,519.0,9.355079707254221E8,"{""type"":""MultiPoint"",""coordinates"":[]}"
1_519,520.0,8.094190792798179E8,"{""type"":""MultiPoint"",""coordinates"":[]}"
1_520,521.0,9.84149296411582E8,"{""type"":""MultiPoint"",""coordinates"":[]}"
1_521,522.0,3.7593312757407826E8,"{""type"":""MultiPoint"",""coordinates"":[]}"
1_522,523.0,9.963050287821072E8,"{""type"":""MultiPoint"",""coordinates"":[]}"
1_523,524.0,9.959661705384789E8,"{""type"":""MultiPoint"",""coordinates"":[]}"
1_524,525.0,9.936299826804247E8,"{""type"":""MultiPoint"",""coordinates"":[]}"
1_525,526.0,8.546392865843012E8,"{""type"":""MultiPoint"",""coordinates"":[]}"
1_526,527.0,8.594915471321946E8,"{""type"":""MultiPoint"",""coordinates"":[]}"
1_527,528.0,9.829150793463426E8,"{""type"":""MultiPoint"",""coordinates"":[]}"
1_528,529.0,9.867784355724635E8,"{""type"":""MultiPoint"",""coordinates"":[]}"
1_529,530.0,7.546067439112346E8,"{""type"":""MultiPoint"",""coordinates"":[]}"
1_530,531.0,7.898440441037955E8,"{""type"":""MultiPoint"",""coordinates"":[]}"
1_531,532.0,9.67300269799674E7,"{""type"":""MultiPoint"",""coordinates"":[]}"
1_532,533.0,6.221844702557422E8,"{""type"":""MultiPoint"",""coordinates"":[]}"
1_533,534.0,9.859196610751443E8,"{""type"":""MultiPoint"",""coordinates"":[]}"
1_534,535.0,8.125770788964682E8,"{""type"":""MultiPoint"",""coordinates"":[]}"
1_535,536.0,8.803647111689329E8,"{""type"":""MultiPoint"",""coordinates"":[]}"
1_536,537.0,9.928554457488916E8,"{""type"":""MultiPoint"",""coordinates"":[]}"
1_537,538.0,9.856215685342181E8,"{""type"":""MultiPoint"",""coordinates"":[]}"
1_538,539.0,9.918055575608948E8,"{""type"":""MultiPoint"",""coordinates"":[]}"
1_539,540.0,9.840462625938276E8,"{""type"":""MultiPoint"",""coordinates"":[]}"
1_540,541.0,9.813388187633549E8,"{""type"":""MultiPoint"",""coordinates"":[]}"
1_541,542.0,9.883707819369053E8,"{""type"":""MultiPoint"",""coordinates"":[]}"
1_542,543.0,3.598925930116955E8,"{""type"":""MultiPoint"",""coordinates"":[]}"
1_543,544.0,9.78276627385273E8,"{""type"":""MultiPoint"",""coordinates"":[]}"
1_544,545.0,9.967689851116958E8,"{""type"":""MultiPoint"",""coordinates"":[]}"
1_545,546.0,8.076828075419617E8,"{""type"":""MultiPoint"",""coordinates"":[]}"
1_546,547.0,8.734217915922616E8,"{""type"":""MultiPoint"",""coordinates"":[]}"
1_547,548.0,9.10397726783639E8,"{""type"":""MultiPoint"",""coordinates"":[]}"
1_548,549.0,3.812972550330798E8,"{""type"":""MultiPoint"",""coordinates"":[]}"
1_549,550.0,9.946458866564105E8,"{""type"":""MultiPoint"",""coordinates"":[]}"
1_550,551.0,9.015286163918808E8,"{""type"":""MultiPoint"",""coordinates"":[]}"
1_551,552.0,9.770079535680635E8,"{""type"":""MultiPoint"",""coordinates"":[]}"
1_552,553.0,9.876516183921336E8,"{""type"":""MultiPoint"",""coordinates"":[]}"
1_553,554.0,9.002561033485843E8,"{""type"":""MultiPoint"",""coordinates"":[]}"
1_554,555.0,9.86611787990433E8,"{""type"":""MultiPoint"",""coordinates"":[]}"
1_555,556.0,9.934032968683207E8,"{""type"":""MultiPoint"",""coordinates"":[]}"
1_556,557.0,9.925354761972241E8,"{""type"":""MultiPoint"",""coordinates"":[]}"
1_557,558.0,7.63360544407843E8,"{""type"":""MultiPoint"",""coordinates"":[]}"
1_558,559.0,9.721994205580151E8,"{""type"":""MultiPoint"",""coordinates"":[]}"
1_559,560.0,9.917764178615731E8,"{""type"":""MultiPoint"",""coordinates"":[]}"
1_560,561.0,9.826948370709413E8,"{""type"":""MultiPoint"",""coordinates"":[]}"
1_561,562.0,8.336498254540198E8,"{""type"":""MultiPoint"",""coordinates"":[]}"
1_562,563.0,9.880866247125094E8,"{""type"":""MultiPoint"",""coordinates"":[]}"
1_563,564.0,9.883972775442059E8,"{""type"":""MultiPoint"",""coordinates"":[]}"
1_564,565.0,9.757513459300913E8,"{""type"":""MultiPoint"",""coordinates"":[]}"
1_565,566.0,9.551597054349897E8,"{""type"":""MultiPoint"",""coordinates"":[]}"
1_566,567.0,4.9841102776470166E8,"{""type"":""MultiPoint"",""coordinates"":[]}"
1_567,568.0,7.801371890876995E8,"{""type"":""MultiPoint"",""coordinates"":[]}"
1_568,569.0,9.549129421952912E8,"{""type"":""MultiPoint"",""coordinates"":[]}"
1_569,570.0,9.728472901197233E8,"{""type"":""MultiPoint"",""coordinates"":[]}"
1_570,571.0,9.410871566690519E8,"{""type"":""MultiPoint"",""coordinates"":[]}"
1_571,572.0,8.702432868112504E8,"{""type"":""MultiPoint"",""coordinates"":[]}"
1_572,573.0,9.959366976990417E8,"{""type"":""MultiPoint"",""coordinates"":[]}"
1_573,574.0,9.790431828425976E8,"{""type"":""MultiPoint"",""coordinates"":[]}"
1_574,575.0,4.69644566557634E8,"{""type"":""MultiPoint"",""coordinates"":[]}"
1_575,576.0,9.677954530358293E8,"{""type"":""MultiPoint"",""coordinates"":[]}"
1_576,577.0,8.525612357889919E8,"{""type"":""MultiPoint"",""coordinates"":[]}"
1_577,578.0,9.672835220747195E8,"{""type"":""MultiPoint"",""coordinates"":[]}"
1_578,579.0,9.271200763150822E8,"{""type"":""MultiPoint"",""coordinates"":[]}"
1_579,580.0,2.312950583514919E8,"{""type"":""MultiPoint"",""coordinates"":[]}"
1_580,581.0,9.909412753317344E8,"{""type"":""MultiPoint"",""coordinates"":[]}"
1_581,582.0,9.274465194610002E8,"{""type"":""MultiPoint"",""coordinates"":[]}"
1_582,583.0,9.890971896769702E8,"{""type"":""MultiPoint"",""coordinates"":[]}"
1_583,584.0,9.849797376357216E8,"{""type"":""MultiPoint"",""coordinates"":[]}"
1_584,585.0,9.472145211392902E8,"{""type"":""MultiPoint"",""coordinates"":[]}"
1_585,586.0,9.505331189575722E8,"{""type"":""MultiPoint"",""coordinates"":[]}"
1_586,587.0,9.947291339941549E8,"{""type"":""MultiPoint"",""coordinates"":[]}"
1_587,588.0,9.548985274395599E8,"{""type"":""MultiPoint"",""coordinates"":[]}"
1_588,589.0,9.585699096185592E8,"{""type"":""MultiPoint"",""coordinates"":[]}"
1_589,590.0,9.18581395919941E8,"{""type"":""MultiPoint"",""coordinates"":[]}"
1_590,591.0,7.836896119540117E8,"{""type"":""MultiPoint"",""coordinates"":[]}"
1_591,592.0,8.324694328365357E8,"{""type"":""MultiPoint"",""coordinates"":[]}"
1_592,593.0,9.93779161488475E8,"{""type"":""MultiPoint"",""coordinates"":[]}"
1_593,594.0,9.293757860833222E8,"{""type"":""MultiPoint"",""coordinates"":[]}"
1_594,595.0,9.234933401032778E8,"{""type"":""MultiPoint"",""coordinates"":[]}"
1_595,596.0,9.562752127272677E8,"{""type"":""MultiPoint"",""coordinates"":[]}"
1_596,597.0,9.960597210957319E8,"{""type"":""MultiPoint"",""coordinates"":[]}"
1_597,598.0,9.946893347077396E8,"{""type"":""MultiPoint"",""coordinates"":[]}"
1_598,599.0,9.911430568502506E8,"{""type"":""MultiPoint"",""coordinates"":[]}"
1_599,600.0,9.735785280339062E8,"{""type"":""MultiPoint"",""coordinates"":[]}"
1_600,601.0,9.736793247719128E8,"{""type"":""MultiPoint"",""coordinates"":[]}"
1_601,602.0,9.936173869468385E8,"{""type"":""MultiPoint"",""coordinates"":[]}"
1_602,603.0,8.54626498788389E8,"{""type"":""MultiPoint"",""coordinates"":[]}"
1_603,604.0,9.847083818455534E8,"{""type"":""MultiPoint"",""coordinates"":[]}"
1_604,605.0,9.931286776553739E8,"{""type"":""MultiPoint"",""coordinates"":[]}"
1_605,606.0,4.5349201847734755E8,"{""type"":""MultiPoint"",""coordinates"":[]}"
1_606,607.0,9.79010007761803E8,"{""type"":""MultiPoint"",""coordinates"":[]}"
1_607,608.0,9.332070514544122E8,"{""type"":""MultiPoint"",""coordinates"":[]}"
1_608,609.0,9.80995767603204E8,"{""type"":""MultiPoint"",""coordinates"":[]}"
1_609,610.0,9.83165800397606E8,"{""type"":""MultiPoint"",""coordinates"":[]}"
1_610,611.0,9.913154473729804E8,"{""type"":""MultiPoint"",""coordinates"":[]}"
1_611,612.0,4.3225105882497597E8,"{""type"":""MultiPoint"",""coordinates"":[]}"
1_612,613.0,6.51410286664708E8,"{""type"":""MultiPoint"",""coordinates"":[]}"
1_613,614.0,9.342872041376429E8,"{""type"":""MultiPoint"",""coordinates"":[]}"
1_614,615.0,9.89754034947169E8,"{""type"":""MultiPoint"",""coordinates"":[]}"
1_615,616.0,9.910677839859824E8,"{""type"":""MultiPoint"",""coordinates"":[]}"
1_616,617.0,9.911795524122713E8,"{""type"":""MultiPoint"",""coordinates"":[]}"
1_617,618.0,9.629314519512875E8,"{""type"":""MultiPoint"",""coordinates"":[]}"
1_618,619.0,7.417982897637556E8,"{""type"":""MultiPoint"",""coordinates"":[]}"
1_619,620.0,9.681137680452883E8,"{""type"":""MultiPoint"",""coordinates"":[]}"
1_620,621.0,5.455121902949054E8,"{""type"":""MultiPoint"",""coordinates"":[]}"
1_621,622.0,9.237544225165305E8,"{""type"":""MultiPoint"",""coordinates"":[]}"
1_622,623.0,9.953132550832555E8,"{""type"":""MultiPoint"",""coordinates"":[]}"
1_623,624.0,8.947515529404666E8,"{""type"":""MultiPoint"",""coordinates"":[]}"
1_624,625.0,6.014574595641516E8,"{""type"":""MultiPoint"",""coordinates"":[]}"
1_625,626.0,9.956826534699752E8,"{""type"":""MultiPoint"",""coordinates"":[]}"
1_626,627.0,9.964921922804114E8,"{""type"":""MultiPoint"",""coordinates"":[]}"
1_627,628.0,7.641654027385269E8,"{""type"":""MultiPoint"",""coordinates"":[]}"
1_628,629.0,9.960915201859686E8,"{""type"":""MultiPoint"",""coordinates"":[]}"
1_629,630.0,6.825763946116498E8,"{""type"":""MultiPoint"",""coordinates"":[]}"
1_630,631.0,1.404065790941645E8,"{""type"":""MultiPoint"",""coordinates"":[]}"
1_631,632.0,4.404179649150098E8,"{""type"":""MultiPoint"",""coordinates"":[]}"
1_632,633.0,9.922820567751954E8,"{""type"":""MultiPoint"",""coordinates"":[]}"
1_633,634.0,9.934294843750834E8,"{""type"":""MultiPoint"",""coordinates"":[]}"
1_634,635.0,2.827881011159388E8,"{""type"":""MultiPoint"",""coordinates"":[]}"
1_635,636.0,9.283878519997158E8,"{""type"":""MultiPoint"",""coordinates"":[]}"
1_636,637.0,7.921216494840691E8,"{""type"":""MultiPoint"",""coordinates"":[]}"
1_637,638.0,9.93658444532059E8,"{""type"":""MultiPoint"",""coordinates"":[]}"
1_638,639.0,9.919500760990832E8,"{""type"":""MultiPoint"",""coordinates"":[]}"
1_639,640.0,6.816652187745626E8,"{""type"":""MultiPoint"",""coordinates"":[]}"
1_640,641.0,1.8532630637041476E8,"{""type"":""MultiPoint"",""coordinates"":[]}"
1_641,642.0,8.363900377190086E8,"{""type"":""MultiPoint"",""coordinates"":[]}"
1_642,643.0,9.92320494701825E8,"{""type"":""MultiPoint"",""coordinates"":[]}"
1_643,644.0,5.905816848745555E8,"{""type"":""MultiPoint"",""coordinates"":[]}"
1_644,645.0,8.015305428925188E8,"{""type"":""MultiPoint"",""coordinates"":[]}"
1_645,646.0,9.933739708862962E8,"{""type"":""MultiPoint"",""coordinates"":[]}"
1_646,647.0,9.914642153765368E8,"{""type"":""MultiPoint"",""coordinates"":[]}"
1_647,648.0,9.922100657707207E8,"{""type"":""MultiPoint"",""coordinates"":[]}"
1_648,649.0,7.262071089579341E8,"{""type"":""MultiPoint"",""coordinates"":[]}"
1_649,650.0,9.363221063656375E8,"{""type"":""MultiPoint"",""coordinates"":[]}"
1_650,651.0,9.095875192897224E8,"{""type"":""MultiPoint"",""coordinates"":[]}"
1_651,652.0,7.649100843496969E8,"{""type"":""MultiPoint"",""coordinates"":[]}"
1_652,653.0,9.934340003402574E8,"{""type"":""MultiPoint"",""coordinates"":[]}"
1_653,654.0,5.240310550545797E8,"{""type"":""MultiPoint"",""coordinates"":[]}"
1_654,655.0,4.077287175290011E8,"{""type"":""MultiPoint"",""coordinates"":[]}"
1_655,656.0,9.927726465875174E8,"{""type"":""MultiPoint"",""coordinates"":[]}"
1_656,657.0,8.954126534538074E8,"{""type"":""MultiPoint"",""coordinates"":[]}"
1_657,658.0,9.912789060871093E8,"{""type"":""MultiPoint"",""coordinates"":[]}"
1_658,659.0,9.918890376187357E8,"{""type"":""MultiPoint"",""coordinates"":[]}"
1_659,660.0,9.917943674513624E8,"{""type"":""MultiPoint"",""coordinates"":[]}"
1_660,661.0,9.950489000658276E8,"{""type"":""MultiPoint"",""coordinates"":[]}"
1_661,662.0,5.69664001543157E8,"{""type"":""MultiPoint"",""coordinates"":[]}"
1_662,663.0,7.180968977265487E8,"{""type"":""MultiPoint"",""coordinates"":[]}"
1_663,664.0,9.680576425730159E8,"{""type"":""MultiPoint"",""coordinates"":[]}"
1_664,665.0,3.936004728271142E8,"{""type"":""MultiPoint"",""coordinates"":[]}"
1_665,666.0,9.882705956876422E8,"{""type"":""MultiPoint"",""coordinates"":[]}"
1_666,667.0,9.969594956695676E8,"{""type"":""MultiPoint"",""coordinates"":[]}"
1_667,668.0,9.334932021638833E8,"{""type"":""MultiPoint"",""coordinates"":[]}"
1_668,669.0,9.863610899991086E8,"{""type"":""MultiPoint"",""coordinates"":[]}"
1_669,670.0,8.094186699078518E8,"{""type"":""MultiPoint"",""coordinates"":[]}"
1_670,671.0,9.937636594917617E8,"{""type"":""MultiPoint"",""coordinates"":[]}"
1_671,672.0,8.401461534517713E8,"{""type"":""MultiPoint"",""coordinates"":[]}"
1_672,673.0,5.399858474637622E8,"{""type"":""MultiPoint"",""coordinates"":[]}"
1_673,674.0,8.575870331344491E8,"{""type"":""MultiPoint"",""coordinates"":[]}"
1_674,675.0,9.595130413964465E8,"{""type"":""MultiPoint"",""coordinates"":[]}"
1_675,676.0,9.924707689961883E8,"{""type"":""MultiPoint"",""coordinates"":[]}"
1_676,677.0,8.789254613600707E8,"{""type"":""MultiPoint"",""coordinates"":[]}"
1_677,678.0,8.110946668420922E8,"{""type"":""MultiPoint"",""coordinates"":[]}"
1_678,679.0,2.3818798564557958E8,"{""type"":""MultiPoint"",""coordinates"":[]}"
1_679,680.0,9.963258436418126E8,"{""type"":""MultiPoint"",""coordinates"":[]}"
1_680,681.0,9.182808718387327E8,"{""type"":""MultiPoint"",""coordinates"":[]}"
1_681,682.0,9.593507405692855E8,"{""type"":""MultiPoint"",""coordinates"":[]}"
1_682,683.0,9.708766447445335E8,"{""type"":""MultiPoint"",""coordinates"":[]}"
1_683,684.0,6.388442124525152E8,"{""type"":""MultiPoint"",""coordinates"":[]}"
1_684,685.0,9.318186370312645E8,"{""type"":""MultiPoint"",""coordinates"":[]}"
1_685,686.0,9.707685945023832E8,"{""type"":""MultiPoint"",""coordinates"":[]}"
1_686,687.0,9.713503671525383E8,"{""type"":""MultiPoint"",""coordinates"":[]}"
1_687,688.0,5.902505438431823E8,"{""type"":""MultiPoint"",""coordinates"":[]}"
1_688,689.0,9.016027015859351E8,"{""type"":""MultiPoint"",""coordinates"":[]}"
1_689,690.0,9.82006964968962E8,"{""type"":""MultiPoint"",""coordinates"":[]}"
1_690,691.0,9.566788453078675E8,"{""type"":""MultiPoint"",""coordinates"":[]}"
1_691,692.0,7.24365275434283E8,"{""type"":""MultiPoint"",""coordinates"":[]}"
1_692,693.0,9.565606873362813E8,"{""type"":""MultiPoint"",""coordinates"":[]}"
1_693,694.0,4.894706063110472E8,"{""type"":""MultiPoint"",""coordinates"":[]}"
1_694,695.0,6.91952356945925E8,"{""type"":""MultiPoint"",""coordinates"":[]}"
1_695,696.0,8.35681901152225E8,"{""type"":""MultiPoint"",""coordinates"":[]}"
1_696,697.0,9.96179814972671E8,"{""type"":""MultiPoint"",""coordinates"":[]}"
1_697,698.0,9.916095441964751E8,"{""type"":""MultiPoint"",""coordinates"":[]}"
1_698,699.0,9.433763998366728E8,"{""type"":""MultiPoint"",""coordinates"":[]}"
1_699,700.0,9.57809469718363E8,"{""type"":""MultiPoint"",""coordinates"":[]}"
1_700,701.0,7.499337768237671E8,"{""type"":""MultiPoint"",""coordinates"":[]}"
1_701,702.0,9.8116635711645E8,"{""type"":""MultiPoint"",""coordinates"":[]}"
1_702,703.0,9.813202028072686E8,"{""type"":""MultiPoint"",""coordinates"":[]}"
1_703,704.0,9.686904168989073E8,"{""type"":""MultiPoint"",""coordinates"":[]}"
1_704,705.0,7.964498431768298E8,"{""type"":""MultiPoint"",""coordinates"":[]}"
1_705,706.0,9.958008261931187E8,"{""type"":""MultiPoint"",""coordinates"":[]}"
1_706,707.0,9.859978893426793E8,"{""type"":""MultiPoint"",""coordinates"":[]}"
1_707,708.0,8.646354998333076E8,"{""type"":""MultiPoint"",""coordinates"":[]}"
1_708,709.0,3.7415210378626394E8,"{""type"":""MultiPoint"",""coordinates"":[]}"
1_709,710.0,5.1665087976600367E8,"{""type"":""MultiPoint"",""coordinates"":[]}"
1_710,711.0,8.917928435589024E8,"{""type"":""MultiPoint"",""coordinates"":[]}"
1_711,712.0,9.807662320841209E8,"{""type"":""MultiPoint"",""coordinates"":[]}"
1_712,713.0,9.640530140047866E8,"{""type"":""MultiPoint"",""coordinates"":[]}"
1_713,714.0,9.947031422044332E8,"{""type"":""MultiPoint"",""coordinates"":[]}"
1_714,715.0,9.968622437665405E8,"{""type"":""MultiPoint"",""coordinates"":[]}"
1_715,716.0,9.86258232584237E8,"{""type"":""MultiPoint"",""coordinates"":[]}"
1_716,717.0,9.784474585225575E8,"{""type"":""MultiPoint"",""coordinates"":[]}"
1_717,718.0,4.418877998461739E8,"{""type"":""MultiPoint"",""coordinates"":[]}"
1_718,719.0,9.893717544940903E8,"{""type"":""MultiPoint"",""coordinates"":[]}"
1_719,720.0,9.529273135142825E8,"{""type"":""MultiPoint"",""coordinates"":[]}"
1_720,721.0,9.942028914671495E8,"{""type"":""MultiPoint"",""coordinates"":[]}"
1_721,722.0,9.845762533331128E8,"{""type"":""MultiPoint"",""coordinates"":[]}"
1_722,723.0,9.82329871812953E8,"{""type"":""MultiPoint"",""coordinates"":[]}"
1_723,724.0,9.846363537418761E8,"{""type"":""MultiPoint"",""coordinates"":[]}"
1_724,725.0,6.311301412693784E8,"{""type"":""MultiPoint"",""coordinates"":[]}"
1_725,726.0,9.152537720893753E8,"{""type"":""MultiPoint"",""coordinates"":[]}"
1_726,727.0,9.917690751048044E8,"{""type"":""MultiPoint"",""coordinates"":[]}"
1_727,728.0,9.938371337635041E8,"{""type"":""MultiPoint"",""coordinates"":[]}"
1_728,729.0,9.649734104191139E8,"{""type"":""MultiPoint"",""coordinates"":[]}"
1_729,730.0,9.430331487464073E8,"{""type"":""MultiPoint"",""coordinates"":[]}"
1_730,731.0,9.724649252062197E8,"{""type"":""MultiPoint"",""coordinates"":[]}"
1_731,732.0,9.613210797714428E8,"{""type"":""MultiPoint"",""coordinates"":[]}"
1_732,733.0,9.944330471054308E8,"{""type"":""MultiPoint"",""coordinates"":[]}"
1_733,734.0,8.251473692656069E8,"{""type"":""MultiPoint"",""coordinates"":[]}"
1_734,735.0,9.920247674944594E8,"{""type"":""MultiPoint"",""coordinates"":[]}"
1_735,736.0,9.775780975444978E8,"{""type"":""MultiPoint"",""coordinates"":[]}"
1_736,737.0,9.812973488938835E8,"{""type"":""MultiPoint"",""coordinates"":[]}"
1_737,738.0,5.2561307983799E8,"{""type"":""MultiPoint"",""coordinates"":[]}"
1_738,739.0,9.942616306353133E8,"{""type"":""MultiPoint"",""coordinates"":[]}"
1_739,740.0,9.962018300793549E8,"{""type"":""MultiPoint"",""coordinates"":[]}"
1_740,741.0,9.248822455790416E8,"{""type"":""MultiPoint"",""coordinates"":[]}"
1_741,742.0,9.914841482003111E8,"{""type"":""MultiPoint"",""coordinates"":[]}"
1_742,743.0,9.676109879469155E8,"{""type"":""MultiPoint"",""coordinates"":[]}"
1_743,744.0,9.285855008329824E8,"{""type"":""MultiPoint"",""coordinates"":[]}"
1_744,745.0,8.253177208813605E8,"{""type"":""MultiPoint"",""coordinates"":[]}"
1_745,746.0,9.795585290381374E8,"{""type"":""MultiPoint"",""coordinates"":[]}"
1_746,747.0,4.4210633350944185E8,"{""type"":""MultiPoint"",""coordinates"":[]}"
1_747,748.0,9.07936606253298E8,"{""type"":""MultiPoint"",""coordinates"":[]}"
1_748,749.0,3.5933162982033074E8,"{""type"":""MultiPoint"",""coordinates"":[]}"
1_749,750.0,8.921230806461569E8,"{""type"":""MultiPoint"",""coordinates"":[]}"
1_750,751.0,9.936722932804955E8,"{""type"":""MultiPoint"",""coordinates"":[]}"
1_751,752.0,9.934714251893007E8,"{""type"":""MultiPoint"",""coordinates"":[]}"
1_752,753.0,9.819429106719334E8,"{""type"":""MultiPoint"",""coordinates"":[]}"
1_753,754.0,9.834685006603467E8,"{""type"":""MultiPoint"",""coordinates"":[]}"
1_754,755.0,7.135423925512071E8,"{""type"":""MultiPoint"",""coordinates"":[]}"
1_755,756.0,9.965571091596687E8,"{""type"":""MultiPoint"",""coordinates"":[]}"
1_756,757.0,9.280255347587729E8,"{""type"":""MultiPoint"",""coordinates"":[]}"
1_757,758.0,9.838922192939335E8,"{""type"":""MultiPoint"",""coordinates"":[]}"
1_758,759.0,9.57080522167444E8,"{""type"":""MultiPoint"",""coordinates"":[]}"
1_759,760.0,7.953035319115493E8,"{""type"":""MultiPoint"",""coordinates"":[]}"
1_760,761.0,9.934757809404464E8,"{""type"":""MultiPoint"",""coordinates"":[]}"
1_761,762.0,9.111929720110669E8,"{""type"":""MultiPoint"",""coordinates"":[]}"
1_762,763.0,7.630772096524293E8,"{""type"":""MultiPoint"",""coordinates"":[]}"
1_763,764.0,9.880446601572396E8,"{""type"":""MultiPoint"",""coordinates"":[]}"
1_764,765.0,9.58962196413448E8,"{""type"":""MultiPoint"",""coordinates"":[]}"
1_765,766.0,9.775425040293376E8,"{""type"":""MultiPoint"",""coordinates"":[]}"
1_766,767.0,9.73487330519563E8,"{""type"":""MultiPoint"",""coordinates"":[]}"
1_767,768.0,9.946544575592753E8,"{""type"":""MultiPoint"",""coordinates"":[]}"
1_768,769.0,9.850258835372525E8,"{""type"":""MultiPoint"",""coordinates"":[]}"
1_769,770.0,9.564938063459773E8,"{""type"":""MultiPoint"",""coordinates"":[]}"
1_770,771.0,9.938011431449828E8,"{""type"":""MultiPoint"",""coordinates"":[]}"
1_771,772.0,9.363453644066132E8,"{""type"":""MultiPoint"",""coordinates"":[]}"
1_772,773.0,8.448463659839234E8,"{""type"":""MultiPoint"",""coordinates"":[]}"
1_773,774.0,9.949806584164791E8,"{""type"":""MultiPoint"",""coordinates"":[]}"
1_774,775.0,9.946349646828799E8,"{""type"":""MultiPoint"",""coordinates"":[]}"
1_775,776.0,6.970756773098758E8,"{""type"":""MultiPoint"",""coordinates"":[]}"
1_776,777.0,6.50552646027617E8,"{""type"":""MultiPoint"",""coordinates"":[]}"
1_777,778.0,7.617054649346254E8,"{""type"":""MultiPoint"",""coordinates"":[]}"
1_778,779.0,6.573640096074427E8,"{""type"":""MultiPoint"",""coordinates"":[]}"
1_779,780.0,8.517113096684457E8,"{""type"":""MultiPoint"",""coordinates"":[]}"
1_780,781.0,9.69021883249557E8,"{""type"":""MultiPoint"",""coordinates"":[]}"
1_781,782.0,3.4597756245082426E8,"{""type"":""MultiPoint"",""coordinates"":[]}"
1_782,783.0,8.874384856640364E8,"{""type"":""MultiPoint"",""coordinates"":[]}"
1_783,784.0,9.944079898966131E8,"{""type"":""MultiPoint"",""coordinates"":[]}"
1_784,785.0,8.557052774670776E8,"{""type"":""MultiPoint"",""coordinates"":[]}"
1_785,786.0,9.820152023579621E8,"{""type"":""MultiPoint"",""coordinates"":[]}"
1_786,787.0,9.966814322105997E8,"{""type"":""MultiPoint"",""coordinates"":[]}"
1_787,788.0,9.499212214129624E8,"{""type"":""MultiPoint"",""coordinates"":[]}"
1_788,789.0,9.824691472254142E8,"{""type"":""MultiPoint"",""coordinates"":[]}"
1_789,790.0,8.696811121738878E8,"{""type"":""MultiPoint"",""coordinates"":[]}"
1_790,791.0,9.892294257403973E8,"{""type"":""MultiPoint"",""coordinates"":[]}"
1_791,792.0,6.783028147003274E8,"{""type"":""MultiPoint"",""coordinates"":[]}"
1_792,793.0,9.904420382482599E8,"{""type"":""MultiPoint"",""coordinates"":[]}"
1_793,794.0,9.893363719463409E8,"{""type"":""MultiPoint"",""coordinates"":[]}"
1_794,795.0,9.903725505904963E8,"{""type"":""MultiPoint"",""coordinates"":[]}"
1_795,796.0,9.919720883313739E8,"{""type"":""MultiPoint"",""coordinates"":[]}"
1_796,797.0,8.555619916678523E8,"{""type"":""MultiPoint"",""coordinates"":[]}"
1_797,798.0,9.807523191760901E8,"{""type"":""MultiPoint"",""coordinates"":[]}"
1_798,799.0,6.513411922835457E8,"{""type"":""MultiPoint"",""coordinates"":[]}"
1_799,800.0,1.9261842069909608E8,"{""type"":""MultiPoint"",""coordinates"":[]}"
1_800,801.0,9.969075820148526E8,"{""type"":""MultiPoint"",""coordinates"":[]}"
1_801,802.0,9.796541760567192E8,"{""type"":""MultiPoint"",""coordinates"":[]}"
1_802,803.0,8.615944792639449E8,"{""type"":""MultiPoint"",""coordinates"":[]}"
1_803,804.0,9.960833975812975E8,"{""type"":""MultiPoint"",""coordinates"":[]}"
1_804,805.0,9.904305129047577E8,"{""type"":""MultiPoint"",""coordinates"":[]}"
1_805,806.0,9.942013574182405E8,"{""type"":""MultiPoint"",""coordinates"":[]}"
1_806,807.0,9.951844022878656E8,"{""type"":""MultiPoint"",""coordinates"":[]}"
1_807,808.0,9.960538878781445E8,"{""type"":""MultiPoint"",""coordinates"":[]}"
1_808,809.0,9.72852396908325E8,"{""type"":""MultiPoint"",""coordinates"":[]}"
1_809,810.0,9.754974925117447E8,"{""type"":""MultiPoint"",""coordinates"":[]}"
1_810,811.0,6.700569620877428E8,"{""type"":""MultiPoint"",""coordinates"":[]}"
1_811,812.0,9.074103542470734E8,"{""type"":""MultiPoint"",""coordinates"":[]}"
1_812,813.0,9.961325131528738E8,"{""type"":""MultiPoint"",""coordinates"":[]}"
1_813,814.0,3.1144069867799556E8,"{""type"":""MultiPoint"",""coordinates"":[]}"
1_814,815.0,9.94347467608519E8,"{""type"":""MultiPoint"",""coordinates"":[]}"
1_815,816.0,5.074917779857412E8,"{""type"":""MultiPoint"",""coordinates"":[]}"
1_816,817.0,7.635233026909249E8,"{""type"":""MultiPoint"",""coordinates"":[]}"
1_817,818.0,9.914654617450116E8,"{""type"":""MultiPoint"",""coordinates"":[]}"
1_818,819.0,9.773090188885199E8,"{""type"":""MultiPoint"",""coordinates"":[]}"
1_819,820.0,9.290642304581487E8,"{""type"":""MultiPoint"",""coordinates"":[]}"
1_820,821.0,9.922539054844313E8,"{""type"":""MultiPoint"",""coordinates"":[]}"
1_821,822.0,9.882990025527081E8,"{""type"":""MultiPoint"",""coordinates"":[]}"
1_822,823.0,5.616464417625917E8,"{""type"":""MultiPoint"",""coordinates"":[]}"
1_823,824.0,8.165291058720466E8,"{""type"":""MultiPoint"",""coordinates"":[]}"
1_824,825.0,9.781398119480188E8,"{""type"":""MultiPoint"",""coordinates"":[]}"
1_825,826.0,9.963239808188409E8,"{""type"":""MultiPoint"",""coordinates"":[]}"
1_826,827.0,9.442267824832441E8,"{""type"":""MultiPoint"",""coordinates"":[]}"
1_827,828.0,9.8941707149306E8,"{""type"":""MultiPoint"",""coordinates"":[]}"
1_828,829.0,9.950856921448759E8,"{""type"":""MultiPoint"",""coordinates"":[]}"
1_829,830.0,9.88740878821691E8,"{""type"":""MultiPoint"",""coordinates"":[]}"
1_830,831.0,9.872777177101585E8,"{""type"":""MultiPoint"",""coordinates"":[]}"
1_831,832.0,9.955797757230732E8,"{""type"":""MultiPoint"",""coordinates"":[]}"
1_832,833.0,9.940061142814211E8,"{""type"":""MultiPoint"",""coordinates"":[]}"
1_833,834.0,9.916430160926971E8,"{""type"":""MultiPoint"",""coordinates"":[]}"
1_834,835.0,9.732973022659402E8,"{""type"":""MultiPoint"",""coordinates"":[]}"
1_835,836.0,9.89228477934615E8,"{""type"":""MultiPoint"",""coordinates"":[]}"
1_836,837.0,6.476831605658447E8,"{""type"":""MultiPoint"",""coordinates"":[]}"
1_837,838.0,9.912169803136505E8,"{""type"":""MultiPoint"",""coordinates"":[]}"
1_838,839.0,7.80811167101387E8,"{""type"":""MultiPoint"",""coordinates"":[]}"
1_839,840.0,7.023804871248666E8,"{""type"":""MultiPoint"",""coordinates"":[]}"
1_840,841.0,2.5407538040780365E8,"{""type"":""MultiPoint"",""coordinates"":[]}"
1_841,842.0,8.691745295959429E8,"{""type"":""MultiPoint"",""coordinates"":[]}"
1_842,843.0,9.954064040080513E8,"{""type"":""MultiPoint"",""coordinates"":[]}"
1_843,844.0,9.44566656561967E8,"{""type"":""MultiPoint"",""coordinates"":[]}"
1_844,845.0,9.941784142800858E8,"{""type"":""MultiPoint"",""coordinates"":[]}"
1_845,846.0,9.964717442053627E8,"{""type"":""MultiPoint"",""coordinates"":[]}"
1_846,847.0,9.873766185326481E8,"{""type"":""MultiPoint"",""coordinates"":[]}"
1_847,848.0,9.923954658089099E8,"{""type"":""MultiPoint"",""coordinates"":[]}"
1_848,849.0,3.3558788954514825E8,"{""type"":""MultiPoint"",""coordinates"":[]}"
1_849,850.0,9.506571989887578E8,"{""type"":""MultiPoint"",""coordinates"":[]}"
1_850,851.0,7.654607042832423E8,"{""type"":""MultiPoint"",""coordinates"":[]}"
1_851,852.0,9.817372228764367E8,"{""type"":""MultiPoint"",""coordinates"":[]}"
1_852,853.0,9.89061183289476E8,"{""type"":""MultiPoint"",""coordinates"":[]}"
1_853,854.0,8.574073244030418E8,"{""type"":""MultiPoint"",""coordinates"":[]}"
1_854,855.0,9.941184690327606E8,"{""type"":""MultiPoint"",""coordinates"":[]}"
1_855,856.0,9.942471802537446E8,"{""type"":""MultiPoint"",""coordinates"":[]}"
1_856,857.0,9.827452863178548E8,"{""type"":""MultiPoint"",""coordinates"":[]}"
1_857,858.0,9.010369478897694E8,"{""type"":""MultiPoint"",""coordinates"":[]}"
1_858,859.0,9.862235085553946E8,"{""type"":""MultiPoint"",""coordinates"":[]}"
1_859,860.0,7.900657715286033E8,"{""type"":""MultiPoint"",""coordinates"":[]}"
1_860,861.0,6.137122251345868E8,"{""type"":""MultiPoint"",""coordinates"":[]}"
1_861,862.0,9.948250792811391E8,"{""type"":""MultiPoint"",""coordinates"":[]}"
1_862,863.0,8.6871797486139E8,"{""type"":""MultiPoint"",""coordinates"":[]}"
1_863,864.0,9.609261792814193E8,"{""type"":""MultiPoint"",""coordinates"":[]}"
1_864,865.0,4.555310554061029E8,"{""type"":""MultiPoint"",""coordinates"":[]}"
1_865,866.0,9.767866170210736E8,"{""type"":""MultiPoint"",""coordinates"":[]}"
1_866,867.0,9.900529398587981E8,"{""type"":""MultiPoint"",""coordinates"":[]}"
1_867,868.0,6.199155237449968E8,"{""type"":""MultiPoint"",""coordinates"":[]}"
1_868,869.0,9.864083172816159E8,"{""type"":""MultiPoint"",""coordinates"":[]}"
1_869,870.0,9.787836011943426E8,"{""type"":""MultiPoint"",""coordinates"":[]}"
1_870,871.0,8.826290202874532E8,"{""type"":""MultiPoint"",""coordinates"":[]}"
1_871,872.0,9.558563712808732E8,"{""type"":""MultiPoint"",""coordinates"":[]}"
1_872,873.0,9.062846754262489E8,"{""type"":""MultiPoint"",""coordinates"":[]}"
1_873,874.0,7.058224739814206E8,"{""type"":""MultiPoint"",""coordinates"":[]}"
1_874,875.0,6.718064339948993E8,"{""type"":""MultiPoint"",""coordinates"":[]}"
1_875,876.0,6.493451620946239E8,"{""type"":""MultiPoint"",""coordinates"":[]}"
1_876,877.0,1.8521457560591298E8,"{""type"":""MultiPoint"",""coordinates"":[]}"
1_877,878.0,9.448694925089158E8,"{""type"":""MultiPoint"",""coordinates"":[]}"
1_878,879.0,9.900084774833728E8,"{""type"":""MultiPoint"",""coordinates"":[]}"
1_879,880.0,9.916580718215094E8,"{""type"":""MultiPoint"",""coordinates"":[]}"
1_880,881.0,9.473430913715225E8,"{""type"":""MultiPoint"",""coordinates"":[]}"
1_881,882.0,9.85936372810909E8,"{""type"":""MultiPoint"",""coordinates"":[]}"
1_882,883.0,9.936900383489815E8,"{""type"":""MultiPoint"",""coordinates"":[]}"
1_883,884.0,9.806959168213438E8,"{""type"":""MultiPoint"",""coordinates"":[]}"
1_884,885.0,9.699291476109769E8,"{""type"":""MultiPoint"",""coordinates"":[]}"
1_885,886.0,7.298441674198153E8,"{""type"":""MultiPoint"",""coordinates"":[]}"
1_886,887.0,9.935392073500873E8,"{""type"":""MultiPoint"",""coordinates"":[]}"
1_887,888.0,7.549212076039239E8,"{""type"":""MultiPoint"",""coordinates"":[]}"
1_888,889.0,7.935683314343724E8,"{""type"":""MultiPoint"",""coordinates"":[]}"
1_889,890.0,9.614152588500633E8,"{""type"":""MultiPoint"",""coordinates"":[]}"
1_890,891.0,9.12117296836112E8,"{""type"":""MultiPoint"",""coordinates"":[]}"
1_891,892.0,9.948157108691117E8,"{""type"":""MultiPoint"",""coordinates"":[]}"
1_892,893.0,9.626569363757933E8,"{""type"":""MultiPoint"",""coordinates"":[]}"
1_893,894.0,9.749281084466922E8,"{""type"":""MultiPoint"",""coordinates"":[]}"
1_894,895.0,9.702551096790109E8,"{""type"":""MultiPoint"",""coordinates"":[]}"
1_895,896.0,9.810135964747348E8,"{""type"":""MultiPoint"",""coordinates"":[]}"
1_896,897.0,8.467202722607008E8,"{""type"":""MultiPoint"",""coordinates"":[]}"
1_897,898.0,9.88535022136773E8,"{""type"":""MultiPoint"",""coordinates"":[]}"
1_898,899.0,9.962792908771564E8,"{""type"":""MultiPoint"",""coordinates"":[]}"
1_899,900.0,9.434081610732965E8,"{""type"":""MultiPoint"",""coordinates"":[]}"
1_900,901.0,9.217545296425312E8,"{""type"":""MultiPoint"",""coordinates"":[]}"
1_901,902.0,9.853314736759009E8,"{""type"":""MultiPoint"",""coordinates"":[]}"
1_902,903.0,6.094295387967399E8,"{""type"":""MultiPoint"",""coordinates"":[]}"
1_903,904.0,8.859035565854139E8,"{""type"":""MultiPoint"",""coordinates"":[]}"
1_904,905.0,8.443157854636146E8,"{""type"":""MultiPoint"",""coordinates"":[]}"
1_905,906.0,9.905289277044439E8,"{""type"":""MultiPoint"",""coordinates"":[]}"
1_906,907.0,9.015737112188718E8,"{""type"":""MultiPoint"",""coordinates"":[]}"
1_907,908.0,6.888160251571805E8,"{""type"":""MultiPoint"",""coordinates"":[]}"
1_908,909.0,9.932057494217196E8,"{""type"":""MultiPoint"",""coordinates"":[]}"
1_909,910.0,9.616382139128069E8,"{""type"":""MultiPoint"",""coordinates"":[]}"
1_910,911.0,9.508046084527977E8,"{""type"":""MultiPoint"",""coordinates"":[]}"
1_911,912.0,9.918965725989822E8,"{""type"":""MultiPoint"",""coordinates"":[]}"
1_912,913.0,8.846185161624966E8,"{""type"":""MultiPoint"",""coordinates"":[]}"
1_913,914.0,9.874410247403669E8,"{""type"":""MultiPoint"",""coordinates"":[]}"
1_914,915.0,6.677791348768007E8,"{""type"":""MultiPoint"",""coordinates"":[]}"
1_915,916.0,9.65537557332495E8,"{""type"":""MultiPoint"",""coordinates"":[]}"
1_916,917.0,5.711195734787657E8,"{""type"":""MultiPoint"",""coordinates"":[]}"
1_917,918.0,9.787046706424295E8,"{""type"":""MultiPoint"",""coordinates"":[]}"
1_918,919.0,3.678541055803064E8,"{""type"":""MultiPoint"",""coordinates"":[]}"
1_919,920.0,9.403736401897033E8,"{""type"":""MultiPoint"",""coordinates"":[]}"
1_920,921.0,9.34003570490309E8,"{""type"":""MultiPoint"",""coordinates"":[]}"
1_921,922.0,9.001682774790643E8,"{""type"":""MultiPoint"",""coordinates"":[]}"
1_922,923.0,9.951754565343728E8,"{""type"":""MultiPoint"",""coordinates"":[]}"
1_923,924.0,9.938341291889176E8,"{""type"":""MultiPoint"",""coordinates"":[]}"
1_924,925.0,9.851172018295751E8,"{""type"":""MultiPoint"",""coordinates"":[]}"
1_925,926.0,5.080488188231846E8,"{""type"":""MultiPoint"",""coordinates"":[]}"
1_926,927.0,4.1142232028425425E8,"{""type"":""MultiPoint"",""coordinates"":[]}"
1_927,928.0,9.018180392302239E8,"{""type"":""MultiPoint"",""coordinates"":[]}"
1_928,929.0,9.01310666912585E8,"{""type"":""MultiPoint"",""coordinates"":[]}"
1_929,930.0,9.84627680379394E8,"{""type"":""MultiPoint"",""coordinates"":[]}"
1_930,931.0,9.654206338186255E8,"{""type"":""MultiPoint"",""coordinates"":[]}"
1_931,932.0,9.291851257214289E8,"{""type"":""MultiPoint"",""coordinates"":[]}"
1_932,933.0,9.569694903894956E8,"{""type"":""MultiPoint"",""coordinates"":[]}"
1_933,934.0,9.877033670518336E8,"{""type"":""MultiPoint"",""coordinates"":[]}"
1_934,935.0,8.799185128743994E8,"{""type"":""MultiPoint"",""coordinates"":[]}"
1_935,936.0,9.909657152483668E8,"{""type"":""MultiPoint"",""coordinates"":[]}"
1_936,937.0,9.868427369054294E8,"{""type"":""MultiPoint"",""coordinates"":[]}"
1_937,938.0,9.951864787387326E8,"{""type"":""MultiPoint"",""coordinates"":[]}"
1_938,939.0,7.883608310514944E8,"{""type"":""MultiPoint"",""coordinates"":[]}"
1_939,940.0,9.728069376566815E8,"{""type"":""MultiPoint"",""coordinates"":[]}"
1_940,941.0,9.698189011285331E8,"{""type"":""MultiPoint"",""coordinates"":[]}"
1_941,942.0,9.962013679741085E8,"{""type"":""MultiPoint"",""coordinates"":[]}"
1_942,943.0,9.925938380603945E8,"{""type"":""MultiPoint"",""coordinates"":[]}"
1_943,944.0,9.968455230345285E8,"{""type"":""MultiPoint"",""coordinates"":[]}"
1_944,945.0,9.931452668382418E8,"{""type"":""MultiPoint"",""coordinates"":[]}"
1_945,946.0,9.48851174088625E8,"{""type"":""MultiPoint"",""coordinates"":[]}"
1_946,947.0,9.351964171293482E8,"{""type"":""MultiPoint"",""coordinates"":[]}"
1_947,948.0,8.391508266920601E8,"{""type"":""MultiPoint"",""coordinates"":[]}"
1_948,949.0,9.008539178516948E8,"{""type"":""MultiPoint"",""coordinates"":[]}"
1_949,950.0,9.95482374337409E8,"{""type"":""MultiPoint"",""coordinates"":[]}"
1_950,951.0,9.938680396175108E8,"{""type"":""MultiPoint"",""coordinates"":[]}"
1_951,952.0,5.971957330195708E8,"{""type"":""MultiPoint"",""coordinates"":[]}"
1_952,953.0,9.920646773479989E8,"{""type"":""MultiPoint"",""coordinates"":[]}"
1_953,954.0,9.943611477295396E8,"{""type"":""MultiPoint"",""coordinates"":[]}"
1_954,955.0,9.522608393365185E8,"{""type"":""MultiPoint"",""coordinates"":[]}"
1_955,956.0,9.821919788457294E8,"{""type"":""MultiPoint"",""coordinates"":[]}"
1_956,957.0,9.921480527896085E8,"{""type"":""MultiPoint"",""coordinates"":[]}"
1_957,958.0,9.877198609330418E8,"{""type"":""MultiPoint"",""coordinates"":[]}"
1_958,959.0,8.694159977187178E8,"{""type"":""MultiPoint"",""coordinates"":[]}"
1_959,960.0,9.939216091703469E8,"{""type"":""MultiPoint"",""coordinates"":[]}"
1_960,961.0,9.965905535853806E8,"{""type"":""MultiPoint"",""coordinates"":[]}"
1_961,962.0,9.902079542921137E8,"{""type"":""MultiPoint"",""coordinates"":[]}"
1_962,963.0,9.759288883204124E8,"{""type"":""MultiPoint"",""coordinates"":[]}"
1_963,964.0,8.901407137125087E8,"{""type"":""MultiPoint"",""coordinates"":[]}"
1_964,965.0,7.779821564771867E8,"{""type"":""MultiPoint"",""coordinates"":[]}"
1_965,966.0,5.541439402392688E8,"{""type"":""MultiPoint"",""coordinates"":[]}"
1_966,967.0,9.897929365163006E8,"{""type"":""MultiPoint"",""coordinates"":[]}"
1_967,968.0,9.715992995356305E8,"{""type"":""MultiPoint"",""coordinates"":[]}"
1_968,969.0,9.353072163686635E8,"{""type"":""MultiPoint"",""coordinates"":[]}"
1_969,970.0,9.516299540692898E8,"{""type"":""MultiPoint"",""coordinates"":[]}"
1_970,971.0,9.268576258222265E8,"{""type"":""MultiPoint"",""coordinates"":[]}"
1_971,972.0,7.80180793798936E8,"{""type"":""MultiPoint"",""coordinates"":[]}"
1_972,973.0,9.719155323151544E8,"{""type"":""MultiPoint"",""coordinates"":[]}"
1_973,974.0,1.3930733136187738E8,"{""type"":""MultiPoint"",""coordinates"":[]}"
1_974,975.0,9.349829960243006E8,"{""type"":""MultiPoint"",""coordinates"":[]}"
1_975,976.0,9.332502344648693E8,"{""type"":""MultiPoint"",""coordinates"":[]}"
1_976,977.0,7.717423112446102E8,"{""type"":""MultiPoint"",""coordinates"":[]}"
1_977,978.0,9.817767904074845E8,"{""type"":""MultiPoint"",""coordinates"":[]}"
1_978,979.0,9.934692289598361E8,"{""type"":""MultiPoint"",""coordinates"":[]}"
1_979,980.0,9.625928577464674E8,"{""type"":""MultiPoint"",""coordinates"":[]}"
1_980,981.0,3.623418593312558E8,"{""type"":""MultiPoint"",""coordinates"":[]}"
1_981,982.0,9.729597581225559E8,"{""type"":""MultiPoint"",""coordinates"":[]}"
1_982,983.0,9.968651853524374E8,"{""type"":""MultiPoint"",""coordinates"":[]}"
1_983,984.0,9.836665786914823E8,"{""type"":""MultiPoint"",""coordinates"":[]}"
1_984,985.0,9.921404763461449E8,"{""type"":""MultiPoint"",""coordinates"":[]}"
1_985,986.0,8.481475009214191E8,"{""type"":""MultiPoint"",""coordinates"":[]}"
1_986,987.0,9.836226069540081E8,"{""type"":""MultiPoint"",""coordinates"":[]}"
1_987,988.0,9.95417412377091E8,"{""type"":""MultiPoint"",""coordinates"":[]}"
1_988,989.0,8.702139869797983E8,"{""type"":""MultiPoint"",""coordinates"":[]}"
1_989,990.0,9.942753447379416E8,"{""type"":""MultiPoint"",""coordinates"":[]}"
1_990,991.0,8.355688529575485E8,"{""type"":""MultiPoint"",""coordinates"":[]}"
1_991,992.0,9.717444176660943E8,"{""type"":""MultiPoint"",""coordinates"":[]}"
1_992,993.0,9.877272936450999E8,"{""type"":""MultiPoint"",""coordinates"":[]}"
1_993,994.0,9.87131745267899E8,"{""type"":""MultiPoint"",""coordinates"":[]}"
1_994,995.0,8.674693914043165E8,"{""type"":""MultiPoint"",""coordinates"":[]}"
1_995,996.0,9.688446956122799E8,"{""type"":""MultiPoint"",""coordinates"":[]}"
1_996,997.0,9.928820550076082E8,"{""type"":""MultiPoint"",""coordinates"":[]}"
1_997,998.0,7.001141022932112E8,"{""type"":""MultiPoint"",""coordinates"":[]}"
1_998,999.0,9.386440424582894E8,"{""type"":""MultiPoint"",""coordinates"":[]}"
1_999,1000.0,9.952598322283318E8,"{""type"":""MultiPoint"",""coordinates"":[]}"
2_00000000000000000000,1001.0,1.0036487173675315E9,"{""type"":""MultiPoint"",""coordinates"":[]}"
